Character	Friendly links																									Hostile Links																																	Worship Links
Mord Fiddle	Unn																																																										
Sighvat the Red	Mord Fiddle																																																										
Unn																																																											
Dala-Koll	Thorgerd	Hoskuld																																																									
Thorgerd	Hoskuld																																																										
Hoskuld	Mord Fiddle	Unn																																																									
Thorstein the Red	Thorgerd																																																										
Olaf the white	Thorstein the Red																																																										
Ingjald	Olaf the white																																																										
Helgi	Ingjald																																																										
Thora	Ingjald	Helgi																																																									
Sigurd Snake-in-the-eye	Thora																																																										
Unn the Deep-minded	Thorstein the Red																																																										
Ketil Flat-nose	Unn the Deep-minded	Hrapp																																																									
Bjorn Buna	Ketil Flat-nose	Hrapp																																																									
Grim the hersir	Bjorn Buna																																																										
Thorgerd daughter of King Haleyg 	Hervor																																																										
King Haleyg of Halogaland	Thorgerd daughter of King Haleyg 																																																										
Hervor	Grim the hersir																																																										
Hrut	Hoskuld	Herjolf	Thorgerd	Unn	Mord Fiddle																																																						
Herjolf	Thorgerd																																																										
Hallgerd	Hrut	Bard	Olaf	Thorleik	Hoskuld	Rannveig																																																					
Thorleik	Hoskuld																																																										
Bolli	Thorleik																																																										
Olaf	Hoskuld	Thorleik	Bard																																																								
Kjartan	Olaf																																																										
Bard	Hoskuld	Thorleik																																																									
Thjostolf	Hrut	Hoskuld	Hallgerd																							Hrut																																	
Bjorn Gold-bearer	Thjostolf																																																										
Ozur	Herjolf	Hrut	Hoskuld	Eyvind																																																							
Eyvind	Hrut																																																										
Harald Grey-cloak	Hrut	Ozur																																																									
Eirik Blood-axe	Harald Grey-cloak																																																										
Harald Fair-hair	Eirik Blood-axe																																																										
Gunnhild	Harald Grey-cloak	Eirik Blood-axe	Ozur	Hrut																						Soti																																	
Ozur Toti	Gunnhild																																																										
Soti																										Hrut																																	
Ogmund	Gunnhild	Hrut	Ozur	Soti																																																							
Ulf the unwashed	Gunnhild	Hrut	Ozur																																																								
Atli																										Ozur	Hrut	Ulf the unwashed																															
Earl Arnvid	Atli																																																										
Hakon																										Earl Arnvid																																	
King Athelstan	Hakon																																																										
Gudrod	Gunnhild	Harald Grey-cloak																								Soti																																	
Sigmund Ozurarson	Unn																																																										
Thorvald	Hoskuld	Hallgerd																								Thjostolf																																	
Osvif	Thorvald	Hoskuld	Hallgerd	Hrut																						Thjostolf																																	
Svan	Thjostolf	Hallgerd	Hoskuld																																																								
Jorunn mother of Hallgerd	Svan	Hoskuld	Hallgerd																																																								
Ljot the Black	Hallgerd																																																										
Thorarin	Ragi	Glum	Hoskuld	Hrut	Hallgerd																																																						
Ragi	Glum																																																										
Glum	Hoskuld	Hrut	Hallgerd	Thjostolf																						Thjostolf																																	
Oleif Hjalti	Thorarin	Ragi	Glum																																																								
Hrafn Haengsson	Storolf Haengson																																																										
Thorgerd daughter of Hallgerd	Glum	Hallgerd	Hoskuld	Hrut	Thrain	Gunnar Lambason	Lambi Sigurd's son	Grani	Hrapp Orgumleidason	Lodin	Tjorvi servant of Thrain	Ketil	Runolf																																														
Gunnar	Unn	Hallgerd	Thorgerd daughter of Hallgerd	Skarphedin	Olaf	Hrut	Hoskuld																			Hrut	Hoskuld	Vandil	Karl	Hallgrim	Kolskegg Hallgrim's brother																												
Rannveig	Gunnar																																																										
Sigfus	Sighvat the Red	Mord Fiddle	Rannveig																																																								
Hamund	Gunnar	Rannveig																																																									
Gunnar Baugsson	Hamund	Hrafnhild																																																									
Hrafnhild	Hamund																																																										
Storolf Haengson	Hrafnhild	Hrafn Haengsson																																																									
Orm the strong	Storolf Haengson	Hrafnhild																																																									
Kolskegg	Gunnar	Rannveig	Hamund	Njal	Asgrim																					Vandil	Karl	Hallgrim	Kolskegg Hallgrim's brother																														
Hjort	Gunnar	Rannveig	Hamund	Kolskegg	Asgrim																																																						
Orm Skogarnef	Gunnar	Rannveig	Hjort	Kolskegg																																																							
Arngunn	Gunnar	Rannveig	Hjort	Kolskegg	Orm Skogarnef		Hamund	Ormhild																																																			
Hroar the Godi of Tunga	Arngunn	Ormhild																																																									
Uni the Unborn	Hroar the Godi of Tunga																																																										
Gardar	Uni the Unborn																																																										
Hamund the Lame	Arngunn	Hroar the Godi of Tunga	Ormhild																																																								
Njal	Gunnar	Hrut	Hoskuld	Rannveig	Hallgerd	Mord	Flosi	Asgrim	Hjalti Skeggjason	Einar of Thvera	Gizur the White	Gudmund the powerful																																															
Thorgeir Gollnir	Njal																																																										
Thorolf	Thorgeir Gollnir																																																										
Asgerd	Njal	Thorgeir Gollnir																																																									
Askel the Silent	Asgerd																																																										
Holta-Thorir	Asgerd																																																										
Thorleif Crow	Holta-Thorir	Mord	Hjalti Skeggjason	Asgrim	Gizur the White																																																						
Thorgrim the Tall	Holta-Thorir	Thorleif Crow	Mord	Hjalti Skeggjason	Asgrim	Gizur the White																				Hroar Hamundarson																																	
Thorgeir Skorargeir	Holta-Thorir	Thorleif Crow	Thorgrim the Tall	Gizur the White	Kari Solmundarson	Thorhall Asgrimsson	Mord	Hjalti Skeggjason	Skafti	Asgrim	Snorri the Godi															Thorkel Geitisson	Holmstein Bessason	Eyjolf Bolverksson	Gunnar	Kolskegg																													
Bergthora	Njal	Hallgerd	Gunnar																																																								
Skarphedin Bergthora's mother	Bergthora																																																										
Valgard																																																											
Jorund the Godi	Valgard	Mord Fiddle																																																									
Hrafn the Foolish	Jorund the Godi																																																										
Valgard father of Hrafn the foolish	Hrafn the Foolish																																																										
Aevar	Valgard father of Hrafn the foolish																																																										
Vemund the Eloquent	Aevar																																																										
Thorolf Pus-nose	Vemund the Eloquent																																																										
Thrend the old	Thorolf Pus-nose																																																										
Harald War-tooth	Thrend the old	Aud																																																									
Aud																																																											
Ivar Vidfadmi	Aud																																																										
Halfdan the Valiant	Ivar Vidfadmi																																																										
Hraerek the Ring-scatterer	Harald War-tooth	Aud																																																									
Ulf Aur-Godi	Valgard the Grey	Unn	Gunnar																																																								
Valgard the Grey	Unn	Gunnar																								Gunnar																																	
Svart	Ulf Aur-Godi																																																										
Lodmund	Svart																																																										
Sigfus father of Saemund	Lodmund																																																										
Saemund the learned	Sigfus father of Saemund																																																										
Kolbein the young	Valgard	Hrafn the Foolish																																																									
Mord	Valgard the Grey	Unn	Gunnar	Flosi	Thorkatla daughter of Gizur the White	Gizur the White	Kari Solmundarson	Snorri the Godi																		Gunnar																																	
Skarphedin	Njal	Bergthora	Rannveig	Kari Solmundarson	Thrain	Gunnar Lambason	Lambi Sigurd's son	Grani	Hrapp Orgumleidason	Lodin	Tjorvi servant of Thrain	Hallgerd	Mord	Hoskuld son of Thorgerd and Thrain	Flosi											Mord	Thrain	Gunnar Lambason	Lambi Sigurd's son	Grani	Hrapp Orgumleidason	Lodin	Tjorvi servant of Thrain	Hallgerd	Hoskuld son of Thorgerd and Thrain	Flosi																							
Grim	Njal	Skarphedin	Bergthora	Thrain	Gunnar Lambason	Lambi Sigurd's son	Grani	Hrapp Orgumleidason	Lodin	Tjorvi servant of Thrain	Hallgerd	Mord	Hoskuld son of Thorgerd and Thrain	Flosi												Thrain	Gunnar Lambason	Lambi Sigurd's son	Grani	Hrapp Orgumleidason	Lodin	Tjorvi servant of Thrain	Hallgerd	Hoskuld son of Thorgerd and Thrain	Flosi																								
Helgi Njal's son	Njal	Skarphedin	Grim	Gunnar	Bergthora	Hallgerd	Thrain	Gunnar Lambason	Lambi Sigurd's son	Grani	Hrapp Orgumleidason	Lodin	Tjorvi servant of Thrain	Mord	Hoskuld son of Thorgerd and Thrain	Flosi										Thrain	Gunnar Lambason	Lambi Sigurd's son	Grani	Hrapp Orgumleidason	Lodin	Tjorvi servant of Thrain	Hallgerd	Hoskuld son of Thorgerd and Thrain	Flosi																								
Hoskuld Njal's son	Njal	Skarphedin	Grim	Helgi Njal's son	Bergthora	Gunnar Lambason	Lambi Sigurd's son	Grani	Hrapp Orgumleidason	Lodin	Tjorvi servant of Thrain	Hallgerd	Hoskuld son of Thorgerd and Thrain	Flosi												Thrain	Gunnar Lambason	Lambi Sigurd's son	Grani	Hrapp Orgumleidason	Lodin	Tjorvi servant of Thrain	Hallgerd	Hoskuld son of Thorgerd and Thrain	Flosi																								
Hrodny	Njal	Hoskuld Njal's son	Bergthora	Skarphedin																																																							
Ingjald of Keldur	Hrodny	Flosi	Mord																																																								
Hoskuld Hrodny's father	Hrodny	Ingjald of Keldur																																																									
Ingald the Strong	Hoskuld Hrodny's father																																																										
Geirfinn the Red	Ingald the Strong																																																										
Solvi	Geirfinn the Red																																																										
Gunnstein the Berserk-slayer	Solvi																																																										
Thraslaug Egilsdottir	Ingjald of Keldur																																																										
Egil son of Thord Frey Godi	Thord Frey's Godi	Thraslaug Egilsdottir	Thraslaug																																																								
Thorhild	Skarphedin	Njal																																																									
Astrid	Grim	Njal																																																									
Asgrim	Njal	Helgi Njal's son	Gunnar	Skarphedin	Helgi Njal's son	Kari Solmundarson	Grim	Thorhall Asgrimsson	Thorleif Crow	Thorgrim the Tall	Gizur the White	Mord	Hjalti Skeggjason	Skafti																																													
Ellida-Grim	Asgrim																																																										
Asgrim grand dad	Ellida-Grim																																																										
Ondott Crow	Asgrim grand dad																																																										
Jorunn	Asgrim	Ellida-Grim																																																									
Teit	Jorunn																																																										
Ketilbjorn the Old	Teit																																																										
Helga mother of Teit	Teit	Ketilbjorn the Old																																																									
Thord Beard	Helga mother of Teit																																																										
Hrapp	Thord Beard																																																										
Olof	Jorunn	Teit																																																									
Bodvar	Olof																																																										
Viking-Kari	Bodvar																																																										
Thorgerd mother of sigfus	Sigfus father of Saemund	Lodmund																																																									
Sigfus Asgrim's brother	Thorgerd mother of sigfus	Asgrim																																																									
Gauk Trandilsson	Asgrim																									Asgrim																																	
Thorhall son1	Asgrim																																																										
Thorhall son2	Asgrim	Thorhall son1																																																									
Grim son of Asgrim	Asgrim	Thorhall son1	Thorhall son2																																																								
Thorhalla	Asgrim	Thorhall son1	Thorhall son2	Grim son of Asgrim	Gunnar	Njal	Helgi Njal's son	Hallgerd	Bergthora																																																		
Thorhall Asgrimsson	Thorhalla	Njal	Helgi Njal's son	Bergthora	Skarphedin	Grim	Mord	Asgrim	Einar of Thvera	Hjalti Skeggjason	Gizur the White	Kari Solmundarson														Grim the Red																																	
Hallvard the White	Gunnar	Kolskegg																								Vandil	Karl	Hallgrim	Kolskegg Hallgrim's brother																														
Earl Hakon Sigurdarson	Gunnar	Thrain	Helgi Njal's son	Grim																						Kol a Viking	Thrain	Helgi Njal's son	Grim																														
Sigurd son of Hakon	Earl Hakon Sigurdarson																																																										
Olof Arbot	Harald Fair-hair	Eirik Blood-axe																																																									
Hakon son of Grjotgard	Sigurd son of Hakon																																																										
Grjotgard	Hakon son of Grjotgard																																																										
Bergljot	Hakon son of Grjotgard	Grjotgard																																																									
Earl Thorir	Bergljot	Olof Arbot																																																									
Olvir	Hallvard the White	Gunnar	Kolskegg																							Vandil	Karl																																
Vandil																																																											
Karl	Vandil																																																										
Snaeulf the Old	Vandil	Karl																																																									
Tofi	Gunnar																																																										
Hallgrim																																																											
Kolskegg Hallgrim's brother	Hallgrim																																																										
Bergljot the earl's kinswoman	Gunnar																																																										
Thrain	Sigfus	Rannveig	Hoskuld	Thorgerd daughter of Hallgerd	Gunnar	Njal	Hrut	Hallgerd	Earl Hakon Sigurdarson																	Kol a Viking																																	
Thorhild the poetess	Thrain	Bergljot the earl's kinswoman	Gunnar	Bergthora					Lambi Sigurd's son																																																		
Ketil	Thrain	Sigfus	Rannveig	Gunnar	Grim	Helgi Njal's son	Njal	Gunnar Lambason	Lambi Sigurd's son	Grani	Hrapp Orgumleidason	Lodin	Tjorvi servant of Thrain			Flosi	Lambi Sigurd's son	Leidolf Hamundarson the Strong								Bjorn the White from Mork	Kari Solmundarson																																
Thorgerd Njalsdottir	Njal	Ketil	Skarphedin	Grim	Helgi Njal's son	Hoskuld Njal's son	Bergthora	Gunnar																																																			
Thorkel	Sigfus	Thrain	Ketil	Rannveig	Gunnar	Flosi	Lambi Sigurd's son	Leidolf Hamundarson the Strong																																																			
Mord son of sigfus	Sigfus	Thrain	Ketil	Thorkel	Rannveig	Gunnar	Flosi	Lambi Sigurd's son	Leidolf Hamundarson the Strong																																																		
Lambi	Sigfus	Thrain	Ketil	Thorkel	Mord son of sigfus	Rannveig	Gunnar	Flosi	Lambi Sigurd's son	Leidolf Hamundarson the Strong																																																	
Sigmund	Sigfus	Thrain	Ketil	Thorkel	Mord son of sigfus	Rannveig	Lambi	Gunnar																																																			
Sigurd	Sigfus	Thrain	Ketil	Thorkel	Mord son of sigfus	Rannveig	Lambi	Sigmund	Gunnar																																																		
Runolf	Mord	Ulf Aur-Godi	Gunnar	Thrain	Gunnar Lambason	Lambi Sigurd's son	Grani	Hrapp Orgumleidason	Lodin	Tjorvi servant of Thrain																																																	
Helga	Njal	Bergthora	Skarphedin	Grim	Helgi Njal's son	Hoskuld Njal's son	Thorgeir Skorargeir	Thorgerd Njalsdottir	Kari Solmundarson																																																		
Haf the wise	Runolf																																																										
Kol	Hallgerd	Gunnar																								Bergthora																																	
Svart the servant	Njal	Bergthora																								Hallgerd	Kol																																
Atli Bergthora's servant	Njal	Bergthora	Skarphedin																							Kol																																	
Brynjolf	Hallgerd	Gunnar																								Atli Bergthora's servant	Bergthora																																
Thord	Njal	Bergthora	Skarphedin	Grim	Helgi Njal's son	Hoskuld Njal's son	Hallgerd																			Brynjolf	Thrain																																
Sigtrygg	Thord																																																										
Gudfinna	Thord	Njal	Bergthora																																																								
Lambi son of Sighvat the Red	Sighvat the Red	Mord Fiddle	Sigfus																																																								
Sigmund son of Lambi	Lambi son of Sighvat the Red		Gunnar	Hallgerd	Thrain																					Skarphedin	Grim	Helgi Njal's son	Hoskuld Njal's son																														
Skjold	Sigmund son of Lambi		Gunnar	Hallgerd																						Thord	Skarphedin	Grim	Helgi Njal's son	Hoskuld Njal's son																													
Gizur the White	Teit	Jorunn	Olof	Ulf Aur-Godi	Gunnar	Hoskuld	Hrut	Mord	Valgard the Grey	Flosi	Thorhall Asgrimsson	Skafti	Njal													Gunnar																																	
Isleif the bishop	Gizur the White																																																										
Geir the Godi	Gizur the White	Gunnar	Hoskuld	Hrut	Njal																					Gunnar																																	
Thorkatla	Geir the Godi	Ketilbjorn the Old	Teit	Helga																																																							
Otkel	Gunnar	Kolskegg	Thrain	Mord	Gizur the White		Runolf																			Gunnar																																	
Skarf	Otkel																																																										
Hallkel	Skarf	Ketilbjorn the Old																																																									
Thorgerd daughter of Mar	Otkel																																																										
Mar	Thorgerd daughter of Mar																																																										
Brondolf	Mar																																																										
Naddod the Faroese	Brondolf																																																										
Thorgeir	Otkel	Thorgerd daughter of Mar	Njal	Mord																						Gunnar																																	
Skammkel	Otkel	Mord	Gunnar	Geir the Godi	Gizur the White																					Gunnar	Kolskegg																																
Hallkel brother of Otkel	Otkel	Skarf	Skammkel	Gunnar	Runolf																					Gunnar	Kolskegg																																
Hallbjorn the white	Otkel	Hallkel brother of Otkel	Skarf	Skammkel	Gunnar																					Gunnar	Kolskegg																																
Melkolf	Hallbjorn the white	Otkel	Hallkel brother of Otkel	Gunnar	Hallgerd																																																						
Lambi Sigurd's son	Sigurd	Thrain	Kolskegg	Otkel	Gunnar	Earl Hakon Sigurdarson	Gunnar Lambason																			Kol a Viking	Thorgrim the Tall	Bjorn the White from Mork	Kari Solmundarson																														
Audolf	Otkel																									Gunnar	Kolskegg																																
Signy	Otkel	Audolf	Thorgerd daughter of Mar	Thorgeir																																																							
Skafti	Njal	Asgrim	Skarphedin																																																								
Thorodd	Skafti	Geir the Godi	Gizur the White																																																								
Thorvor	Thorodd																																																										
Thormod Skafti	Thorvor																																																										
Olvir Child-sparer	Thormod Skafti																																																										
Starkad	Njal	Gizur the White	Skarphedin	Hogni	Kolskegg	Gunnar	Hjort																			Kolskegg	Gunnar	Hjort	Skarphedin																														
Bork Black-tooth-beard	Starkad																																																										
Thorkel Bound-leg	Bork Black-tooth-beard																																																										
Hallbera	Starkad																																																										
Hroald the Red	Hallbera																																																										
Hildigunn	Hallbera	Hroald the Red																																																									
Thorstein Sparrow	Hildigunn																																																										
Unn Hildigunn's mother	Thorstein Sparrow	Hildigunn																																																									
Eyvind Karfi	Unn Hildigunn's mother																																																										
Modolf the Wise	Eyvind Karfi	Unn Hildigunn's mother																																																									
Thorgeir son of Starkad	Starkad	Hallbera	Valgard the Grey	Mord	Thorgeir	Njal	Gizur the White	Skarphedin	Hogni	Kolskegg	Gunnar	Hjort														Kolskegg	Gunnar	Hjort	Skarphedin	Hogni																													
Bork son of Starkad	Starkad	Hallbera	Thorgeir son of Starkad	Kolskegg	Gunnar	Hjort																				Gunnar	Kolskegg	Hjort																															
Thorkel son of Starkad	Starkad	Hallbera	Thorgeir son of Starkad	Bork son of Starkad	Kolskegg	Gunnar	Hjort																			Gunnar	Kolskegg	Hjort																															
Hildigunn the healer	Starkad	Hallbera	Thorgeir son of Starkad	Bork son of Starkad	Thorkel son of Starkad																																																						
Egil	Starkad																									Gunnar	Kolskegg	Hjort																															
Kol son of Ottar Boll	Egil																																																										
Ottar Boll	Kol son of Ottar Boll																																																										
Onund	Egil	Kol son of Ottar Boll	Thorkel son of Starkad	Gizur the White																						Gunnar	Sam the dog																																
Halli the strong	Onund																																																										
Kol son of Egil	Egil	Thorgeir son of Starkad	Kolskegg	Hjort	Gunnar																					Kolskegg	Hjort	Gunnar																															
Ottar son of Egil	Egil	Kol son of Egil																								Kolskegg	Hjort	Gunnar																															
Hauk son of Egil	Egil	Ottar son of Egil	Kol son of Egil																							Kolskegg	Hjort	Gunnar																															
Steinvor	Egil	Starkad	Kol son of Egil	Ottar son of Egil	Hauk son of Egil																																																						
Gudrun Night-sun	Egil	Starkad	Kol son of Egil	Ottar son of Egil	Hauk son of Egil	Steinvor																																																					
Thorir	Egil	Gudrun Night-sun	Steinvor	Starkad																																																							
Thorgrim	Egil	Thorir	Steinvor	Gudrun Night-sun	Gizur the White																																																						
Hoskuld son of Thorgerd and Thrain	Thrain	Thorgerd daughter of Hallgerd	Ketil	Thorgerd Njalsdottir	Njal	Grim	Helgi Njal's son	Mord	Flosi																	Mord	Kari Solmundarson																																
Hogni	Hallgerd	Gunnar	Thrain	Rannveig	Skarphedin	Njal																				Mord																																	
Grani	Hallgerd	Gunnar	Hogni	Lambi Sigurd's son	Gunnar Lambason	Thrain	Flosi	Hall of Sida	Ketil																	Bjorn the White from Mork	Kari Solmundarson																																
Ulf Uggason	Gunnar	Asgrim																																																									
Sigurd Swine-head	Starkad	Egil	Kol son of Egil																							Gunnar	Kolskegg	Hjort																															
Ulfhedin	Starkad																									Gunnar	Kolskegg	Hjort																															
Thorfinna	Njal	Thorgeir son of Starkad																																																									
Thorkatla daughter of Gizur the White	Gizur the White	Mord	Kari Solmundarson																																																								
Hjalti Skeggjason	Gunnar	Njal	Asgrim	Gizur the White	Mord	Kari Solmundarson	Ingjald of Keldur	Skafti	Snorri the Godi																																																		
Sam the dog	Gunnar	Olaf																																																									
Ormhild	Thorgeir																																																										
Ogmund Floki																										Gunnar	Kolskegg																																
Arnfinn	Gunnar	Kolskegg																																																									
Thorbrand	Gizur the White																									Gunnar	Sam the dog																																
Thorleik Second	Thorbrand	Gizur the White																								Gunnar	Sam the dog																																
Asbrand	Thorbrand	Thorleik Second	Gizur the White																							Gunnar	Sam the dog																																
Eilif	Gizur the White																									Gunnar	Sam the dog																																
Onund Second	Eilif	Gizur the White																								Gunnar	Sam the dog																																
Thorkel Gunnar's neighbour	Gunnar	Sam the dog																																																									
Hroald	Geir the Godi																									Skarphedin	Hogni																																
Bjartey	Geir the Godi	Hroald																																																									
Thorvald the Sickly	Bjartey	Ulf Uggason																																																									
Tjorvi	Hroald																									Skarphedin	Hogni																																
Alfeid	Hogni																																																										
Veturlidi the poet	Alfeid	Njal	Hall of Sida	Thangbrand																																																							
Ari	Hogni	Alfeid																																																									
King Svein Fork-beard	Kolskegg																																																										
Kol a Viking																										Earl Hakon Sigurdarson																																	
Asmund Ash-side	Kol a Viking																																																										
Hallvard Soti																										Kol a Viking																																	
Eirik	Earl Hakon Sigurdarson	Thrain	Lambi Sigurd's son	Grim	Helgi Njal's son	Flosi																				Kol a Viking																																	
Gunnar Lambason	Lambi	Lambi Sigurd's son	Thrain	Eirik	Earl Hakon Sigurdarson	Thrain	Flosi	Hall of Sida																		Kol a Viking																																	
Bard the Black	Grim	Helgi Njal's son	Thrain																							Grim	Helgi Njal's son																																
Olaf Elda	Grim	Helgi Njal's son	Bard the Black	Thrain																						Grim	Helgi Njal's son																																
Ketil Elda	Olaf Elda																									Skafti																																	
Grjotgard Moldansson																										Grim	Helgi Njal's son																																
Snaekolf	Grjotgard Moldansson																									Grim	Helgi Njal's son																																
Kari Solmundarson	Grim	Helgi Njal's son	Earl Hakon Sigurdarson	Eirik	Njal	Helga	Thrain	Gunnar Lambason	Lambi Sigurd's son	Grani	Hrapp Orgumleidason	Lodin	Tjorvi servant of Thrain	Hallgerd	Bergthora	Mord	Ingjald of Keldur	Gizur the White	Thorhall Asgrimsson	Skafti	Snorri the Godi	Thorgeir Skorargeir	Asgrim	Flosi		Grjotgard Moldansson	Snaekolf	Hoskuld son of Thorgerd and Thrain	Hallbjorn the strong	Arni Kolsson	Eyjolf Bolverksson	Thrain	Gunnar Lambason	Lambi Sigurd's son	Grani	Hrapp Orgumleidason	Lodin	Tjorvi servant of Thrain	Hallgerd																				
Sigurd Hlodvisson	Kari Solmundarson	Grim	Helgi Njal's son	Flosi	Thorstein son of Hall of sida																																																						
Hlodver	Sigurd Hlodvisson																																																										
Thorfinn Skull-splitter	Hlodver																																																										
Turf-Einar	Thorfinn Skull-splitter																																																										
Earl Rognvald of More	Turf-Einar																																																										
Eystein the Noisy	Earl Rognvald of More																																																										
Arnljot	Sigurd Hlodvisson																																																										
Havard	Sigurd Hlodvisson																																																										
Earl Melsnati																										Havard	Kari Solmundarson	Sigurd Hlodvisson	Grim	Helgi Njal's son																													
Earl Hundi	Earl Melsnati																									Havard	Kari Solmundarson	Sigurd Hlodvisson	Grim	Helgi Njal's son																													
King Gudrod																										Kari Solmundarson	Grim	Helgi Njal's son																															
Kolbein Arnljotarson	Arnljot																																																										
Hrapp Orgumleidason	Kolbein Arnljotarson	Earl Hakon Sigurdarson	Thrain	Helgi Njal's son	Hallgerd	Grim	Gunnar Lambason	Lambi Sigurd's son	Grani	Lodin	Tjorvi servant of Thrain															Earl Hakon Sigurdarson																																	
Orgumleidi	Hrapp Orgumleidason																																																										
Geirolf the Warrior	Orgumleidi																																																										
Orlyg																										Hrapp Orgumleidason																																	
Olvir son of Hrogdeir the white	Orlyg																																																										
Hrodgeir the White	Olvir son of Hrogdeir the white																																																										
Gudbrand	Earl Hakon Sigurdarson	Hrapp Orgumleidason																								Hrapp Orgumleidason																																	
Thrand	Gudbrand																									Hrapp Orgumleidason																																	
Gudrun	Gudbrand	Thrand	Hrapp Orgumleidason																																																								
Asvard	Gudbrand	Gudrun																								Hrapp Orgumleidason																																	
Tofi a Norwegian	Hrapp Orgumleidason																																																										
Svein	Earl Hakon Sigurdarson	Grim	Helgi Njal's son	Eirik																																																							
Mord the careless	Thrain																																																										
Odd Halldorsson																										Mord the careless																																	
Aslak	Svein	Earl Hakon Sigurdarson																								Grim	Helgi Njal's son																																
Egil of Earl Hakon	Svein	Earl Hakon Sigurdarson	Aslak																							Grim	Helgi Njal's son																																
Dungal	King Gudrod																									Kari Solmundarson	Grim	Helgi Njal's son																															
Ear Gilli	Kari Solmundarson	Grim	Helgi Njal's son	Sigurd Hlodvisson																																																							
Nereid	Sigurd Hlodvisson	Ear Gilli																																																									
Lodin	Thrain	Gunnar Lambason	Lambi Sigurd's son	Grani	Hrapp Orgumleidason																																																						
Tjorvi servant of Thrain	Thrain	Lodin	Gunnar Lambason	Lambi Sigurd's son	Grani	Hrapp Orgumleidason																																																					
Flosi	Njal	Hoskuld son of Thorgerd and Thrain	Hall of Sida	Thangbrand	Runolf	Ketil	Lambi	Thorkel	Mord son of sigfus	Sigmund	Lambi Sigurd's son	Gunnar Lambason	Grani	Einar of Thvera	Skarphedin											Helgi Njal's son	Kari Solmundarson	Thorgeir Skorargeir	Mord	Gizur the White		Asgrim																											
Thord Frey's Godi	Flosi																																																										
Ozur father of Thord Frey's Godi	Thord Frey's Godi																																																										
Asbjorn	Ozur father of Thord Frey's Godi																																																										
Heyjang-Bjorn	Asbjorn																																																										
Helgi son of Bjorn Buna	Heyjang-Bjorn																																																										
Ingunn	Flosi	Thord Frey's Godi																																																									
Thorir of Espihol	Ingunn																																																										
Hamund Dark-skin	Thorir of Espihol																																																										
Hjor	Hamund Dark-skin																																																										
Half	Hjor																																																										
Hjorlef the womanizer	Half																																																										
Ingunn daughter of Helgi the Lean	Thorir of Espihol	Hamund Dark-skin																																																									
Helgi the Lean	Ingunn daughter of Helgi the Lean																																																										
Thorunn Hyrna	Helga daughter of Helgi the Lean	Helgi the Lean	Ketil Flat-nose																																																								
Helga daughter of Helgi the Lean	Helgi the Lean	Ingunn daughter of Helgi the Lean																																																									
Eyvind the Norwegian	Helgi the Lean																																																										
Rafarta	Eyvind the Norwegian	Helgi the Lean																																																									
Steinvor daughter of Hall	Flosi																																																										
Irish King Kjarval	Rafarta																																																										
Hall of Sida	Steinvor daughter of Hall	Njal	Thorgeir Skorargeir	Kari Solmundarson																																																							
Solvor	Hall of Sida	Steinvor daughter of Hall																																																									
Herjolf the white	Solvor																																																										
Starkad Flosi's brother	Flosi	Thord Frey's Godi																																																									
Thraslaug	Starkad Flosi's brother	Thorstein Sparrow	Unn Hildigunn's mother	Hildigunn																																																							
Thorgeir Flosi's brother	Starkad Flosi's brother	Thord Frey's Godi	Ingunn	Flosi	Stein Flosi's brother	Kolbein Flosi's brother	Egil Flosi's brother	Eyjolf Bolverksson																																																			
Stein Flosi's brother	Starkad Flosi's brother	Thord Frey's Godi	Ingunn	Flosi	Kolbein Flosi's brother	Egil Flosi's brother																																																					
Kolbein Flosi's brother	Starkad Flosi's brother	Thord Frey's Godi	Ingunn	Flosi	Egil Flosi's brother																																																						
Egil Flosi's brother	Starkad Flosi's brother	Thord Frey's Godi	Ingunn	Flosi																																																							
Kolbein Egilsson	Flosi	Egil Flosi's brother																																																									
Hildigunn daughter of Starkad Flosi's brother	Starkad Flosi's brother	Flosi	Hoskuld son of Thorgerd and Thrain	Njal	Bergthora	Hoskuld son of Thorgerd and Thrain	Kari Solmundarson																																																				
Thorstein Bodvarsson	Hall of Sida																																																										
Thordis	Hall of Sida	Thorstein Bodvarsson																																																									
Ozur father of Thordis	Thordis																																																										
Hrodlaug	Ozur father of Thordis	Earl Rognvald of More	Turf-Einar																																																								
Joreid	Hall of Sida																																																										
Thidrandi the wise	Joreid																																																										
Ketil Thrym	Thidrandi the wise																																																										
Ketil Thrym son of Thidrandi the wise	Thidrandi the wise	Joreid	Hallkatla																																																								
Hallkatla	Joreid	Thidrandi the wise																																																									
Thorkel Geitisson	Hallkatla	Flosi	Eyjolf Bolverksson																																																								
Thidrandi Geitisson	Hallkatla	Thorkel Geitisson																																																									
Thorstein Broad-Belly	Hall of Sida	Thorstein Bodvarsson	Thordis																																																								
Kol Thorsteinsson	Thorstein Broad-Belly	Hall of Sida	Thangbrand	Flosi	Kari Solmundarson																					Kari Solmundarson																																	
Thorstein son of Hall of sida	Hall of Sida	Joreid	Egil son of Hall of sida	Ljot son of Hall of sida	Thidrandi son of Hall of sida	Flosi	Sigurd Hlodvisson	Gunnar Lambason																																																			
Egil son of Hall of sida	Hall of Sida	Joreid	Ljot son of Hall of sida	Thidrandi son of Hall of sida																																																							
Ljot son of Hall of sida	Hall of Sida	Joreid	Thidrandi son of Hall of sida		Flosi																																																						
Thidrandi son of Hall of sida	Hall of Sida	Joreid																																																									
Lyting	Hoskuld son of Thorgerd and Thrain	Grani	Gunnar Lambason	Lambi Sigurd's son	Thorkel	Mord son of sigfus	Lambi	Sigmund	Sigurd	Thrain	Rannveig															Hoskuld Njal's son	Skarphedin	Helgi Njal's son	Grim	Njal																													
Steinvor Sigfussdottir	Lyting	Sigfus	Thorkel	Mord son of sigfus	Lambi	Sigmund	Sigurd	Thrain	Rannveig																																																		
Hallstein	Lyting																									Hoskuld Njal's son	Skarphedin	Helgi Njal's son	Grim																														
Hallgrim Lyting's brother	Lyting	Hallstein																								Hoskuld Njal's son	Skarphedin	Helgi Njal's son	Grim																														
Amundi	Hoskuld Njal's son	Lyting	Njal																							Lyting																																	
Olaf Tryggvason	Thangbrand	Hjalti Skeggjason	Gizur the White																																																								
Slave Kark																										Earl Hakon Sigurdarson																																	
Thangbrand	Hall of Sida	Njal	Bergthora	Grim	Helgi Njal's son	Skarphedin																				Valgard the Grey	Mord	Thorvald the Sickly																															
Count Vilbaldus	Thangbrand																																																										
Gudleif	Thangbrand																																																										
Ari son of Mar Atlisson																																																											
Mar Atlisson	Ari son of Mar Atlisson																																																										
Ulf the Squinter	Mar Atlisson																																																										
Hogni the White	Ulf the Squinter	Thrain																																																									
Otrygg	Hogni the White																																																										
Oblaud	Otrygg	Half	Hjorlef the womanizer																																																								
Thorleif son of Holmstein	Holmstein																																																										
Ketil son of Holmstein	Thorleif son of Holmstein																																																										
Holmstein	Ketil son of Holmstein																																																										
Ozur from Breiddal	Holmstein	Flosi																																																									
Thorkel of Stafafell																										Hall of Sida	Thangbrand																																
Hildir the old	Hall of Sida	Thangbrand																																																									
Glum son of Hildir the old	Hall of Sida	Thangbrand	Hildir the old	Flosi	Ketil																					Helgi Njal's son	Skarphedin	Thorgeir Skorargeir	Kari Solmundarson	Bjorn the White from Mork																													
Ozur Hroaldsson	Hall of Sida	Thangbrand																																																									
Surt	Hall of Sida	Thangbrand																																																									
Hedin the Sorcerer	Hall of Sida	Thangbrand																								Gudleif																																	
Ingald son of Thorkel Haeyjar-Tyrdil	Hall of Sida	Thangbrand																																																									
Thorkel Haeyjar-Tyrdil	Ingald son of Thorkel Haeyjar-Tyrdil																																																										
Ari Veturlidason	Veturlidi the poet	Alfeid																								Hall of Sida	Thangbrand																																
Hall Thorarinsson	Thangbrand																																																										
Steinunn	Thangbrand																																																										
Ref the Poet	Steinunn																																																										
Gest Oddleifsson	Thangbrand																																																										
Otrygg a berserk																										Thangbrand	Gudleif																																
Thorgeir Tjorvason	Hall of Sida																																																										
Tjorvi Thorkelson	Thorgeir Tjorvason																																																										
Thorkel the Long	Tjorvi Thorkelson																																																										
Thorunn	Thorgeir Tjorvason	Tjorvi Thorkelson																																																									
Thorstein son of Sigmund Gnupa-Bardson	Thorunn																																																										
Sigmund Gnupa-Bardson	Thorstein son of Sigmund Gnupa-Bardson																																																										
Gnupa-Bard	Sigmund Gnupa-Bardson																																																										
Gudrid	Thorgeir Tjorvason																																																										
Thorkel the Black	Gudrid																																																										
Orm Box-back	Thorkel the Black																																																										
Hlenni the Old	Orm Box-back																																																										
Thorir Snepil	Thorkel the Black	Orm Box-back																																																									
Ketil Brimil	Thorir Snepil																																																										
Ornolf	Ketil Brimil																																																										
Bjornolf	Ornolf																																																										
Grim Hairy-cheeks	Bjornolf																																																										
Ketil Haeng	Grim Hairy-cheeks																																																										
Hallbjorn Half-troll from Hrafnista	Ketil Haeng																																																										
Thord Karason	Kari Solmundarson	Njal 	Bergthora	Helga																																																							
Gudmund the powerful	Asgrim	Skarphedin	Gizur the White	Hjalti Skeggjason	Mord	Kari Solmundarson	Thorgeir Skorargeir	Skafti																																																			
Eyjolf	Gudmund the powerful																																																										
Einar	Eyjolf	Helga daughter of Helgi the Lean																																																									
Audun the Rotten	Einar																																																										
Thorolf Butter	Audun the Rotten																																																										
Thorstein Skrofi	Thorolf Butter																																																										
Grim Kamban	Thorstein Skrofi																																																										
Hallbera daughter of Thorodd Helmet	Gudmund the powerful	Eyjolf																																																									
Thorodd Helmet	Hallbera daughter of Thorodd Helmet																																																										
Reginleif	Thorodd Helmet	Hallbera daughter of Thorodd Helmet																																																									
Seamund the Hebridean	Reginleif	Hallbera daughter of Thorodd Helmet																																																									
Valgerd Runolfsdottir	Eyjolf	Einar																																																									
Valborg	Valgerd Runolfsdottir																																																										
Jorunn the Unborn	Valborg																																																										
Oswald the Saint	Jorunn the Unborn																																																										
Bera	Jorunn the Unborn	Oswald the Saint																																																									
Edmund the Saint 		Bera																																																									
Thorlaug	Gudmund the powerful																																																										
Atli the Mighty	Thorlaug																																																										
Eilif Eagle	Atli the Mighty																																																										
Bard of Al	Eilif Eagle																																																										
Ketil the Sly	Bard of Al																																																										
Skidi the Old	Ketil the Sly																																																										
Herdis	Thorlaug	Atli the Mighty																																																									
Thord at Hefdi	Herdis																																																										
Bjorn Byrdusmjor	Thord at Hefdi																																																										
Hroald Hrygg	Bjorn Byrdusmjor																																																										
Bjorn Iron-side	Hroald Hrygg																																																										
Ragnar Shaggy-breeches	Bjorn Iron-side	Sigurd Snake-in-the-eye																																																									
Sigurd Ring	Ragnar Shaggy-breeches																																																										
Randver	Sigurd Ring																																																										
Radbard	Randver																																																										
Thorgerd Skidadottir	Herdis	Thord at Hefdi																																																									
Fridgaerd	Thorgerd Skidadottir	Irish King Kjarval	Rafarta																																																								
Snorri the Godi	Asgrim	Skarphedin	Njal	Gudmund the powerful	Eyjolf Bolverksson	Gizur the White	Flosi	Skafti																																																			
Gudrun Osvifdottir	Snorri the Godi																																																										
Thorgrim son of Thorstein cod-biter	Snorri the Godi																																																										
Thorstein cod-biter	Thorgrim son of Thorstein cod-biter																																																										
Thorolf Mostor-beard 	Thorstein cod-biter																																																										
Ornolf Fish-driver	Thorolf Mostor-beard 																																																										
Osk	Thorolf Mostor-beard 	Thorstein the Red	Thorgerd																																																								
Olaf Feilan	Thorstein the Red	Thorgerd																																																									
Thora daughter of Olaf Feilan	Thorgrim son of Thorstein cod-biter	Thorstein cod-biter																																																									
Thordis Sursdottir	Snorri the Godi																																																										
Gisli	Thordis Sursdottir																																																										
Onund Box-back																																																											
Geirleif	Onund Box-back	Flosi																																																									
Modolf Ketilsson	Flosi	Ketil	Grani	Lambi Sigurd's son																						Kari Solmundarson	Bjorn the White from Mork																																
Thorgrim the Showy	Flosi																																																										
Thorkel the Fair	Thorgrim the Showy																																																										
Lodmund Ulfsson	Flosi																																																										
Starkad of Stafafell	Flosi																																																										
Rannveig Mardardottir	Mord	Starkad of Stafafell																																																									
Haf the wealthy	Asgrim	Skarphedin	Flosi																																																								
Thorkel son of Eirik of Goddalir	Haf the wealthy																																																										
Eirik of Goddalir	Thorkel son of Eirik of Goddalir																																																										
Hroald son of Eirik Stiff-beard	Eirik of Goddalir																																																										
Eirik Stiff-beard	Hroald son of Eirik Stiff-beard																																																										
Thorunn daughter of Asbjorn	Haf the wealthy	Thorkel son of Eirik of Goddalir																																																									
Asbjorn the bald	Thorunn daughter of Asbjorn																																																										
Hrossbjorn	Asbjorn the bald																																																										
Thorkel Bully	Asgrim	Thorgeir Tjorvason	Gudrid	Skarphedin																																																							
Old Sorkvir	Thorkel Bully																									Gudmund the powerful																																	
Einar of Thvera	Gudmund the powerful	Asgrim	Eyjolf	Hallbera daughter of Thorodd Helmet	Gizur the White	Hjalti Skeggjason	Mord	Kari Solmundarson	Thorgeir Skorargeir																																																		
Thorgrim Stout-Ketilsson	Hall of Sida																																																										
Hall the Red																										Thorgrim Stout-Ketilsson																																	
Surt Asbjarnarson	Flosi																																																										
Hroald Ozurarson 	Flosi																																																										
Ozur the son of Onund Box-back	Onund Box-back	Geirleif	Flosi																																																								
Thorstein the Fair		Geirleif	Flosi	Asgrim	Ketil	Lambi Sigurd's son	Grani	Modolf Ketilsson																			Bjorn the White from Mork	Kari Solmundarson																															
Thorir son of Thord Illugi 	Flosi																																																										
Hroar Hamundarson	Flosi	Leidolf Hamundarson the Strong	Hamund the Lame																							Thorgrim the Tall																																	
Saeunn	Skarphedin																																																										
Runolf Thorsteinsson																																																											
Hildiglum son of Runolf Thorsteinsson	Runolf Thorsteinsson	Hjalti Skeggjason																																																									
Geirmund	Flosi	Kari Solmundarson																																																									
Bard neighbour of Geirmund	Kari Solmundarson	Geirmund																																																									
Thorstein Kolbeinsson	Flosi																									Ingjald of Keldur																																	
Hallbjorn the strong	Flosi	Bjarn Brodd-Helgason	Eyjolf Bolverksson																							Thorgeir Skorargeir																																	
Oddny	Hallbjorn the strong	Flosi	Brodd Helgi																																																								
Sorli Brodd-Helgason	Oddny	Flosi	Brodd Helgi																																																								
Hrafnkel Thorisson	Flosi																																																										
Hrafnkel	Hrafnkel Thorisson																																																										
Hrafn	Hrafnkel																																																										
Thorir son of Hrafnkel Thorisson	Hrafnkel Thorisson																																																										
Holmstein Bessason	Flosi																									Kari Solmundarson																																	
Bessi the Wise	Holmstein Bessason	Flosi																																																									
Thordis Gudmundardottir	Sorli Brodd-Helgason	Flosi	Gudmund the powerful																																																								
Thorkel Thrym-Ketilsson the All wise	Flosi	Ketil Thrym son of Thidrandi the wise	Joreid																																																								
Thorvald Thrym-Ketilsson	Thorkel Thrym-Ketilsson the All wise	Ketil Thrym son of Thidrandi the wise	Joreid	Flosi																						Hallbjorn the strong																																	
Yngvild	Thorkel Thrym-Ketilsson the All wise	Thorvald Thrym-Ketilsson	Ketil Thrym son of Thidrandi the wise																																																								
Bjarn Brodd-Helgason	Flosi	Sorli Brodd-Helgason	Oddny	Brodd Helgi																						Kari Solmundarson																																	
Brodd Helgi	Bjarn Brodd-Helgason																																																										
Thorgils	Brodd Helgi																																																										
Thorstein the White	Thorgils																																																										
Olvirs son of Eyvald	Thorstein the White																																																										
Eyvald	Olvirs son of Eyvald																																																										
Ox-Thorir	Eyvald																																																										
Halla Lytingsdottir	Bjarn Brodd-Helgason	Brodd Helgi																																																									
Asvor	Brodd Helgi	Thorgils																																																									
Thorir son of Porridge-Atli	Asvor																																																										
Porridge-Atli	Thorir son of Porridge-Atli																																																										
Rannveig Thorgeirsdottir	Bjarn Brodd-Helgason	Thorkel son of Eirik of Goddalir																																																									
Eyjolf Bolverksson	Bjarn Brodd-Helgason	Flosi																								Mord																																	
Bolverk	Eyjolf Bolverksson																																																										
Eyjolf the Grey of Otradal	Bolverk																																																										
Thord Bellower	Eyjolf the Grey of Otradal																																																										
Hrodny daughter of Skeggi	Eyjolf the Grey of Otradal	Thord Bellower																																																									
Skeggi from Midfjord	Hrodny daughter of Skeggi																																																										
Skin-Bjorn	Skeggi from Midfjord																																																										
Skutad-Skeggi	Skin-Bjorn																																																										
Hroi Arnsteinsson	Bjarn Brodd-Helgason																																																										
Blaeing	Bjarn Brodd-Helgason																																																										
Lyting from Oxarfjord	Bjarn Brodd-Helgason																																																										
Kol Skutason	Bjarn Brodd-Helgason	Flosi																																																									
Killer-Skuta	Kol Skutason																																																										
Eyvind Thorkelsson	Bjarn Brodd-Helgason	Flosi																																																									
Askel the Godi	Eyvind Thorkelsson	Flosi																																																									
Thorstein Skaftason  Hare-lip	Skafti	Gudmund the powerful																								Asgrim	Thorhall Asgrimsson																																
Jodis	Thorstein Skaftason  Hare-lip		Gudmund the powerful																																																								
Leidolf Hamundarson the Strong	Hroar Hamundarson	Hamund the Lame																								Asgrim																																	
Grim the Red	Flosi	Asgrim																																																									
Arni Kolsson	Flosi	Asgrim																																																									
Jon	Mord																																																										
Thorodd a witness	Mord	Jon																																																									
Thorbjorn a witness	Mord	Jon																																																									
Thorvald Kroppinskeggi																										Flosi																																	
Thorvald Tjorvason																																																											
Kol a villain	Thorvald Kroppinskeggi																									Flosi																																	
Solvi at the Althing																										Hallbjorn the strong																																	
Bruni Haflidason																										Flosi	Hallbjorn the strong																																
Thorstein Hlennason																										Flosi																																	
Kol Hallson	Hall of Sida	Joreid																																																									
Bjorn the White from Mork	Kol Hallson	Asgerd	Kari Solmundarson	Ketil	Grani	Modolf Ketilsson	Flosi	Thorgeir Skorargeir																																																			
Kadal	Bjorn the White from Mork																																																										
Valgerd Thorbrandsdottir	Bjorn the White from Mork	Kari Solmundarson	Ketil																																																								
Thorbrand son of Asbrand	Valgerd Thorbrandsdottir	Asbrand																																																									
Gudlaug	Valgerd Thorbrandsdottir	Thorbrand son of Asbrand	Hamund	Gunnar Baugsson	Hrafnhild																																																						
Eyjolf Nose	Flosi																																																										
Gunnar of Skal																										Bjorn the White from Mork	Kari Solmundarson																																
Thorfinn	Vebrand	Asbrand Thorfinnsson																																																									
Vebrand																										Bjorn the White from Mork	Kari Solmundarson																																
Asbrand Thorfinnsson	Vebrand																									Bjorn the White from Mork	Kari Solmundarson																																
Kolbein the Black	Kari Solmundarson																																																										
David the White	Kari Solmundarson	Kolbein the Black																																																									
Earl Gilli	Sigurd Hlodvisson	Flosi	Gunnar Lambason	Thorstein son of Hall of sida	Hrafn the Red																																																						
Hvarflod	Sigurd Hlodvisson	Earl Gilli																																																									
Sigtrygg Olafsson	Sigurd Hlodvisson	Earl Gilli	Flosi	Gunnar Lambason	Thorstein son of Hall of sida																					King Brian	Kari Solmundarson																																
Olaf Kvaran	Sigtrygg Olafsson																																																										
Kormlod	Sigtrygg Olafsson	Olaf Kvaran	Sigurd Hlodvisson																																																								
King Brian	Kormlod																									Sigurd Hlodvisson																																	
Ulf Hraeda	King Brian																									Sigtrygg Olafsson	Sigurd Hlodvisson	Thorstein son of Hall of sida	Brodir																														
Kerthjalfad	King Brian	Ulf Hraeda																								Sigtrygg Olafsson	Sigurd Hlodvisson	Thorstein son of Hall of sida	Brodir																														
King Kylfir	Kerthjalfad																									King Brian																																	
Dungad	King Brian	Kerthjalfad																								Sigtrygg Olafsson	Sigurd Hlodvisson	Thorstein son of Hall of sida	Brodir																														
Margad	King Brian	Dungad	Kerthjalfad																							Sigtrygg Olafsson	Sigurd Hlodvisson	Thorstein son of Hall of sida	Brodir																														
Tadk Tann	King Brian	Dungad	Margad	Kerthjalfad																						Sigtrygg Olafsson	Sigurd Hlodvisson	Thorstein son of Hall of sida	Brodir																														
Skeggi of Freswick	Kari Solmundarson																																																										
Ospak	King Brian																									Sigtrygg Olafsson	Sigurd Hlodvisson	Thorstein son of Hall of sida	Brodir																														
Brodir	Ospak	Sigtrygg Olafsson	Sigurd Hlodvisson																							King Brian	Ulf Hraeda																																
Erling of Stoma	Sigurd Hlodvisson	Thorstein son of Hall of sida																																																									
Hrafn the Red	Erling of Stoma	Sigurd Hlodvisson	Thorstein son of Hall of sida	Flosi																																																							
Harek	Sigurd Hlodvisson																																																										
Amundi the White	Sigurd Hlodvisson	Thorstein son of Hall of sida																																																									
Halldor Gudmundarson	Sigurd Hlodvisson																									King Brian																																	
Dorrud																																																											
Herfinn	Earl Gilli																																																										
Earl Melkolf	Kari Solmundarson																																																										
Pope 	Flosi																																																										
Starkad Karason	Kari Solmundarson	Hildigunn daughter of Starkad Flosi's brother	Thord Karason the younger																																																								
Flosi Karason	Kari Solmundarson	Hildigunn daughter of Starkad Flosi's brother	Starkad Karason	Thord Karason the younger																																																							
Kolbein Flosason	Flosi Karason																																																										
Thorgerd Karadottir	Kari Solmundarson	Helga	Thord Karason																																																								
Ragnheid Karadottir	Kari Solmundarson	Helga	Thorgerd Karadottir	Thord Karason																																																							
Valgerd Karadottir	Kari Solmundarson	Helga	Thorgerd Karadottir	Ragnheid Karadottir	Thord Karason																																																						
Thord Karason the younger	Kari Solmundarson	Hildigunn daughter of Starkad Flosi's brother																																																									
Vebrand Hamundarson	Hamund the Lame	Leidolf Hamundarson the Strong																																																									
