%Character	Friendly links															Hostile Links																	
																																	
%Before the Táin																																	
%Scene 1 -- How the Táin was found																																	
Senchán Torpéist	Emine	Muirgen																															
Emine	Ninéne	Muirgen	Senchán																														
Ninéne	Emine																																
Muirgen	Emine	Senchán	Fergus Mac Roich																														
Fergus Mac Roich	Muirgen																																
%Scene 2 -- Conchobor																																	
Nes	Eochaid Sálbuide	Cathbad	Conchobor	Fergus Mac Roich																													
Eochaid Sálbuide	Nes																																
Cathbad	Nes	Conchobor																															
Conchobor	Cathbad	Nes	Fergus Mac Roich	Gerg																													
Fergus Mac Roich	Nes	Conchobor																															
Gerg	Conchobor																																
%Scene 3 -- The Pangs of Ulster																																	
Crunniuc	Macha	Agnoman	Curir Ulad	Fiatach Mac Urmi																													
Agnoman	Crunniuc	Curir Ulad	Fiatach Mac Urmi																														
Curir Ulad	Crunniuc	Agnoman	Fiatach Mac Urmi																														
Fiatach Mac Urmi	Crunniuc	Agnoman	Curir Ulad													Conchobor																	
Macha	Crunniuc	Conchobor	Sainrith Mac Imbaith																														
Sainrith Mac Imbaith	Macha																																
Conchobor	Macha															Macha																	
Furc	Dallán	Mainech Mac Lugdach																															
Dallán	Furc	Mainech Mac Lugdach																															
Mainech Mac Lugdach	Furc	Dallán																															
%Scene 4 -- Exile of the Sons of Uisliu																																	
Fedlimid Mac Daill	Conchobor	Cathbad	Fedlimid's wife																														
Fedlimid's wife	Fedlimid	Sencha Mac Ailella	Cathbad	Derdriu																													
Sencha Mac Ailella	Fedlimid	Fedlimid's wife	Conchobor																														
Cathbad	Fedlimid	Conchobor	Derdriu	Uisliu	Noisiu	Fergus Mac Roich	Roech	Fiachna Mac Conchoboir	Eoghan Mac Durthacht	Fedlimid's wife	Fedelm																						
Conchobor	Derdriu	Noisiu	Dubthach	Cormac 2	Eoghan Mac Durthacht	Fedlimid's wife	Noisiu									Noisiu	Anle	Ardán	Eoghan Mac Durthacht	Derdriu													
Derdriu	Leborcham	Noisiu	Ardán	Ainlé		Conchobor	Fergus Mac Roich	Fedlimid	Fedlimid's wife	Ardán	Anle	King of Alba				Eoghan Mac Durthacht	Conchobor																
Leborcham	Derdriu	Noisiu	Uisliu																														
Noisiu	Uisliu	Derdriu	Cathbad	Conchobor	Fergus Mac Roich	Dubthach	Cormac 2	Fiacha 3	Ardán	Anle	King of Alba					Conchobor	King of Alba	Eoghan Mac Durthacht															
Uisliu	Noisiu	Ardán	Anle																														
King of Alba	Noisiu	Ardán	Anle	Derdriu												Noisiu	Ardán	Anle															
Fergus Mac Roich	Fiacha 3	Dubthach	Cormac 2		Ailill Mac Mágach	Medb										Traigthrén																	
Dubthach	Fergus Mac Roich	Cormac 2		Ailill Mac Mágach	Medb											Maine 3																	
Gerrce	Illadan	Eoghan Mac Durthacht																															
Illadan	Gerrce	Eoghan Mac Durthacht																															
Eoghan Mac Durthacht		Conchobor	Fiacha 3				Gerrce	Illadan								Conchobor	Noisiu	Ardán	Ainlé	Fiacha 3	Derdriu												
Cormac 2	Conchobor	Fergus Mac Roich	Dubthach	Noisiu	Ailill Mac Mágach	Medb																											
Fiacha 3	Fergus Mac Roich	Noisiu	Eoghan Mac Durthacht													Eoghan Mac Durthacht																	
Maine 3	Conchobor															Dubthach																	
Fiachna 1	Fedelm	Conchobor																															
Fedelm	Conchobor	Fiachna 1																															
Traigthrén	Traiglethan															Fergus Mac Roich																	
Traiglethan	Traigthrén																																
Ardán	Noisiu	Anle	Uisliu	Derdriu	King of Alba											Conchobor	King of Alba	Eoghan Mac Durthacht															
Anle	Ardán	Noisiu	Uisliu	Derdriu	King of Alba											Conchobor	King of Alba	Eoghan Mac Durthacht															
%Scene 5 -- How Cúchulainn was begotten																																	
Conchobor	Deichtine	Conall Cernach	Laegaire	Bricriu	Finnchaem	Cúchulainn	Sencha Mac Ailella	Fergus Mac Roich	Blai Bruige	Amargin	Morann																						
Deichtine	Conchobor	Cúchulainn	Lug Mac Ethnenn	Sualdam Mac Roich	Lug Mac Ethenn																												
Sualdam	Deichtine	Conchobor	Cúchulainn																														
Conall Cernach	Conchobor	Laegaire	Bricriu	Deichtine																													
Laegaire	Conchobor	Conall Cernach	Bricriu	Deichtine																													
Bricriu	Conchobor	Conall Cernach	Laegaire	Deichtine	Finnchaem																												
Lug Mac Ethenn	Deichtine																																
Finnchaem	Conchobor	Conall Cernach	Cúchulainn	Bricriu	Deichtine																												
Sencha Mac Ailella	Conchobor	Finnchaem	Cúchulainn	Blai Bruige	Fergus Mac Roich	Amargin																											
Blai Bruige	Conchobor	Finnchaem	Cúchulainn	Sencha Mac Ailella	Fergus Mac Roich	Amargin																											
Fergus Mac Roich	Conchobor	Finnchaem	Cúchulainn	Sencha Mac Ailella	Blai Bruige	Amargin																											
Amargin	Conchobor	Finnchaem	Cúchulainn	Fergus Mac Roich	Sencha Mac Ailella	Blai Bruige																											
Morann	Conchobor	Finnchaem	Cúchulainn	Sencha Mac Ailella	Blai Bruige	Fergus Mac Roich	Amargin	Conall Cernach																									
%Scene 6 -- Cúchulainn's Courtship of Emer																																	
Conchobor	Conall Cernach	Fergus Mac Roich	Laegaire	Celtchar	Dubthach	Cúchulainn	Scél	Bairdene	Cathbad	Bricriu	Emer																						
Conall Cernach	Amargin	Conchobor	Fergus Mac Roich	Laegaire	Celtchar	Dubthach	Cúchulainn	Scél																									
Fergus Mac Roich	Conchobor	Conall Cernach	Laegaire	Celtchar	Dubthach	Cúchulainn	Scél	Cathbad	Bricriu	Emer																							
Laegaire	Connad	Conchobor	Conall Cernach	Fergus Mac Roich	Celtchar	Dubthach	Cúchulainn	Scél																									
Connad	Laegaire																																
Celtchar	Conchobor	Conall Cernach	Fergus Mac Roich	Laegaire	Dubthach	Cúchulainn	Scél																										
Dubthach	Conchobor	Conall Cernach	Fergus Mac Roich	Laegaire	Celtchar	Cúchulainn	Scél																										
Cúchulainn	Sualdam	Conchobor	Conall Cernach	Fergus Mac Roich	Laegaire	Celtchar	Dubthach	Scél	Emer	Laeg	Forgall Manach	Domnall Míldemail	Scáthach	Uathach		Cochar Cruibne	Cuar	Cat 2	Crufe	Ciri	Biri	Blaince	Aife	Eis Enchenn	Scibar	Ibor	Cat 3	Forgall Manach	Scenmenn				
Cúchulainn	Cúar	Cat 1	Lugaid Mac Nois		Aife					Connla	Bricriu	Cathbad																					
Scél	Bairdene	Conchobor	Conall Cernach	Fergus Mac Roich	Laegaire	Celtchar	Dubthach	Cúchulainn																									
Bairdene	Scél	Conchobor																															
Emer	Cúchulainn	Forgall Manach	Scibar	Ibor	Cat 3	Conchobor	Cathbad	Bricriu	Fergus Mac Roich																								
Forgall Manach	Emer	Cúchulainn	Conchobor	Domnall Míldemail	Scáthach	Lugaid Mac Nois	Scibar	Ibor	Cat 3																								
Laeg	Cúchulainn																																
Domnall Míldemail	Cúchulainn	Scáthach																															
Scáthach	Cúchulainn	Uathach	Cochar Cruibne	Cúar	Cat 1	Aife	Medb	Ailill Mac Mágach								Aife																	
Uathach	Scáthach	Cúchulainn																															
Cochar Cruibne	Scáthach	Uathach														Cúchulainn																	
Cúar	Scáthach	Uathach	Cúchulainn													Cuar	Cat 2	Crufe	Ciri	Biri	Blaince												
Cat 1	Scáthach	Uathach	Cúchulainn													Cuar	Cat 3	Crufe	Ciri	Biri	Blaince												
Lugaid Mac Nois	Alamiach	Cúchulainn	Coirpre Niafer Mac Rosa Rugaid			Forgall Manach	Emer																										
Alamiach	Lugaid Mac Nois																																
Coirpre Niafer Mac Rosa Rugaid	Lugaid Mac Nois																																
Aife		Cúchulainn	Cuar	Cat 2	Crufe	Connla										Cúchulainn	Scáthach																
Cuar	Ilsúanach	Cat 2	Crufe	Aife												Cúchulainn	Cúar	Cat 1															
Cat 2	Ilsúanach	Cuar	Crufe	Aife												Cúchulainn	Cúar	Cat 1															
Crufe	Ilsúanach	Cuar	Cat 2	Aife												Cúchulainn	Cúar	Cat 1															
Ilsúanach	Cuar	Cat 2	Crufe																														
Ciri	Eis Enchenn	Biri	Blaince	Aife												Cúchulainn	Cúar	Cat 1															
Biri	Eis Enchenn	Ciri	Blaince	Aife												Cúchulainn	Cúar	Cat 1															
Blaince	Eis Enchenn	Ciri	Biri	Aife												Cúchulainn	Cúar	Cat 1															
Eis Enchenn	Ciri	Biri	Blaince													Cúchulainn																	
Connla	Cúchulainn	Aife																															
Scibar	Emer	Forgall Manach		Ibor	Cat 3											Cúchulainn																	
Ibor	Emer	Forgall Manach		Scibar	Cat 3											Cúchulainn																	
Cat 3	Emer	Forgall Manach		Ibor	Scibar											Cúchulainn																	
Scenmenn	Emer	Forgall Manach														Cúchulainn																	
Bricriu	Conchobor	Cúchulainn	Emer	Cathbad																													
Cathbad	Conchobor	Cúchulainn	Emer	Bricriu	Fergus Mac Roich																												
%Scene 7 -- The Death of Aife's one Son																																	
Cúchulainn	Connla	Aife	Emer													Connla																	
Connla	Condere	Conall Cernach	Cúchulainn	Scáthach												Condere	Conall Cernach	Cúchulainn															
Conchobor	Condere	Connla	Cúchulainn																														
Condere	Conchobor	Connla														Connla																	
Conall Cernach	Conchobor	Connla														Connla																	
Emer	Cúchulainn	Forgall Manach																															
%Scene 8 -- The Quarrel of the two Pig-keepers																																	
Ochall Ochne	Bodb	Rucht														Bodb																	
Bodb	Ochall Ochne	Friuch	Rucht													Ochall Ochne																	
Friuch	Bodb	Rucht														Rucht																	
Rucht	Ochall Ochne	Friuch														Friuch																	
Mongán Mac Fiachna																																	
Fuidell Mac Fiadmire	Ochall Ochne	Bodb	Friuch	Rucht																													
Finnbennach Ai	Rucht																																
Donn Cuailnge	Friuch																																
%The Táin																																	
%Chapter 1 -- Pillow Talk																																	
Ailill Mac Mágach	Medb	Rus Ruad	Finnbennach Ai	Mata Muiresc	Finn 2	Coirpre Niafer	Mac Roth																										
Medb	Ailill Mac Mágach	Eochaid Feidlech	Derbriu	Ethne 2	Ele	Clothru	Muguin 4	Finn 2	Coirpre Niafer	Conchobor	Eochaid Bec	Rus Ruad	Mac Roth	Dáire Mac Fiachna	Donn Cuailnge																		
Eochaid Feidlech	Finn 1	Finnoman	Finnen	Blathacht	Beothacht	Enna Agnech	Aengus Turbech	Derbriu	Ethne 2	Ele	Clothru	Muguin 4	Medb																				
Finn 1	Eochaid Feidlech	Finngoll	Rigéon	Blathacht	Beothacht	Enna Agnech	Aengus Turbech																										
Finngoll	Roth	Finn	Blathacht	Beothacht	Enna Agnech	Aengus Turbech																											
Roth	Rigéon	Finngoll	Beothacht	Enna Agnech	Aengus Turbech																												
Rigéon	Blathacht	Roth	Enna Agnech	Aengus Turbech	Beothacht																												
Blathacht	Beothacht	Rigéon	Enna Agnech	Aengus Turbech																													
Beothacht	Enna Agnech	Blathacht	Aengus Turbech																														
Enna Agnech	Aengus Turbech	Beothacht																															
Aengus Turbech	Enna Agnech																																
Derbriu	Ethne 2	Ele	Clothru	Muguin	Medb	Eochaid Feidlech																											
Ethne 2	Derbriu	Ele	Clothru	Muguin	Medb	Eochaid Feidlech																											
Ele	Derbriu	Ethne 2	Clothru	Muguin	Medb	Eochaid Feidlech																											
Clothru	Derbriu	Ethne 2	Ele	Muguin	Medb	Eochaid Feidlech																											
Muguin	Derbriu	Ethne 2	Ele	Clothru	Medb	Eochaid Feidlech																											
Finn 2	Rus Ruad	Medb	Coirpre Niafer																														
Coirpre Niafer	Rus Ruad	Medb	Finn 2																														
Rus Ruad	Ailill Mac Mágach	Coirpre Niafer	Rus Ruad	Medb																													
Conchobor	Medb	Fachtna 2																															
Fachtna 2	Conchobor																																
Eochaid Bec	Medb																																
Mata Muiresc	Ailill Mac Mágach	Mágach																															
Finnbennach Ai	Ailill Mac Mágach	Medb																															
Mac Roth	Medb	Ailill Mac Mágach	Dáire Mac Fiachna	Donn Cuailnge	Finnbennach Ai																												
Dáire Mac Fiachna	Donn Cuailnge	Mac Roth																															
%Chapter 2 -- The Táin Bó Cuailnge begins																																	
Ailill Mac Mágach	Medb	Anluan Mac Mágach	Mugcorb Mac Mágach	Cet Mac Mágach	En Mac Mágach	Bascall Mac Mágach	Dóchae Mac Mágach																										
Medb	Ailill Mac Mágach	Cormac Connlongas	Fedelm 3	Fergus Mac Roich	Conchobor	Celtchar																											
Mágach	Ailill Mac Mágach	Anluan Mac Mágach	Mugcorb Mac Mágach	Cet Mac Mágach	En Mac Mágach	Bascall Mac Mágach	Dóchae Mac Mágach																										
Anluan Mac Mágach	Ailill Mac Mágach	Mágach	Mugcorb Mac Mágach	Cet Mac Mágach	En Mac Mágach	Bascall Mac Mágach	Dóchae Mac Mágach																										
Mugcorb Mac Mágach	Ailill Mac Mágach	Mágach	Anluan Mac Mágach	Cet Mac Mágach	En Mac Mágach	Bascall Mac Mágach	Dóchae Mac Mágach																										
Cet Mac Mágach	Ailill Mac Mágach	Mágach	Anluan Mac Mágach	Mugcorb Mac Mágach	En Mac Mágach	Bascall Mac Mágach	Dóchae Mac Mágach																										
En Mac Mágach	Ailill Mac Mágach	Mágach	Anluan Mac Mágach	Mugcorb Mac Mágach	Cet Mac Mágach	Bascall Mac Mágach	Dóchae Mac Mágach																										
Bascall Mac Mágach	Ailill Mac Mágach	Mágach	Anluan Mac Mágach	Mugcorb Mac Mágach	Cet Mac Mágach	En Mac Mágach	Dóchae Mac Mágach																										
Dóchae Mac Mágach	Ailill Mac Mágach	Mágach	Anluan Mac Mágach	Mugcorb Mac Mágach	Cet Mac Mágach	En Mac Mágach	Bascall Mac Mágach																										
Conchobor	Cormac Connlongas																																
Cormac Connlongas	Conchobor	Ailill Mac Mágach	Medb																														
Fedelm 3	Medb	Cúchulainn	Deda Mac Sin																														
Deda Mac Sin	Fedelm 3																																
Fergus Mac Roich	Roech Mac Echdach	Medb																															
Roech Mac Echdach	Fergus Mac Roich																																
%Chapter 3 -- The army encounters Cúchulainn																																	
Medb	Ailill Mac Mágach	Fergus Mac Roich	Cormac Connlongas	Conall Cernach	Fiacha Mac Fir Febe	Finnabair	Flidais	Maine Máthramail	Maine Athramail	Maine Mórgor	Maine Míngor	Maine Móepirt	Maine Andoe	Maine Cotagaib Uli																			
Ailill Mac Mágach	Medb	Fergus Mac Roich	Cormac Connlongas	Conall Cernach	Fiacha Mac Fir Febe	Finnabair	Flidais	Maine Máthramail	Maine Athramail	Maine Mórgor	Maine Míngor	Maine Móepirt	Maine Andoe	Maine Cotagaib Uli		Conchobor	Celtchar	Eoghan Mac Durthacht															
Ailill Mac Mágach	Err	Innel	Foich	Fochlam																													
Fergus Mac Roich	Medb	Ailill Mac Mágach	Cormac Connlongas	Conall Cernach	Fiacha Mac Fir Febe	Finnabair	Flidais	Cúchulainn	Sualdam	Err	Innel	Foich	Fochlam	Conchobor																			
Fergus Mac Roich	Celtchar	Eoghan Mac Durthacht	Emer	Scáthach																													
Cormac Connlongas	Medb	Ailill Mac Mágach	Fergus Mac Roich	Conall Cernach	Fiacha Mac Fir Febe	Finnabair	Flidais																										
Conall Cernach	Medb	Ailill Mac Mágach	Fergus Mac Roich	Cormac Connlongas	Fiacha Mac Fir Febe	Finnabair	Flidais																										
Fiacha Mac Fir Febe	Medb	Ailill Mac Mágach	Fergus Mac Roich	Cormac Connlongas	Conall Cernach	Finnabair	Flidais																										
Finnabair	Medb	Ailill Mac Mágach	Fergus Mac Roich	Cormac Connlongas	Conall Cernach	Fiacha Mac Fir Febe	Flidais																										
Flidais	Medb	Ailill Mac Mágach	Fergus Mac Roich	Cormac Connlongas	Conall Cernach	Fiacha Mac Fir Febe	Finnabair																										
Celtchar																Ailill Mac Mágach																	
Eoghan Mac Durthacht																Ailill Mac Mágach																	
Maine Máthramail	Medb	Ailill Mac Mágach																															
Maine Athramail	Medb	Ailill Mac Mágach																															
Maine Mórgor	Medb	Ailill Mac Mágach																															
Maine Míngor	Medb	Ailill Mac Mágach																															
Maine Móepirt	Medb	Ailill Mac Mágach																															
Maine Andoe	Medb	Ailill Mac Mágach																															
Maine Cotagaib Uli	Medb	Ailill Mac Mágach																															
Dubthach	Medb	Ailill Mac Mágach	Nemain																														
Nemain	Dubthach																																
Cúchulainn	Sualdam	Fergus Mac Roich	Fedelm Noichride					Laeg								Err	Innel	Foich	Fochlam														
Sualdam	Cúchulainn	Fergus Mac Roich																															
Fedelm Noichride	Cúchulainn																																
Err	Innel	Foich	Fochlam	Urard Mac Anchinne	Medb	Fergus Mac Roich		Ailill Mac Mágach								Cúchulainn																	
Innel	Err	Foich	Fochlam	Urard Mac Anchinne	Medb	Fergus Mac Roich		Ailill Mac Mágach								Cúchulainn																	
Foich	Err	Innel	Fochlam	Urard Mac Anchinne	Medb	Fergus Mac Roich		Ailill Mac Mágach								Cúchulainn																	
Fochlam	Err	Innel	Foich	Urard Mac Anchinne	Medb	Fergus Mac Roich		Ailill Mac Mágach								Cúchulainn																	
Urard Mac Anchinne	Err	Innel	Foich	Fochlam																													
Laeg	Cúchulainn																																
Conchobor	Ailill Mac Mágach																																
Celtchar	Ailill Mac Mágach																																
Eoghan Mac Durthacht	Ailill Mac Mágach																																
%Chapter 4 -- Cúchulainn's boyhood deeds																																	
Fergus Mac Roich	Cúchulainn	Conchobor	Cúchulainn	Ailill Mac Mágach	Medb	Conall Cernach	Cúscraid Menn Macha																										
Cúchulainn	Deichtine	Fergus Mac Roich	Conchobor	Sualdam	Bricriu		Cúscraid Menn Macha	Conall Cernach	Culann	Cathbad	Ibor 3					Follamain	Badb 1	Nechta Scéne	Foill	Fannall	Tuachell												
Conchobor	Follamain	Cúchulainn	Deichtine	Sualdam	Cúscraid Menn Macha	Culann	Cathbad	Ibor 3								Eoghan Mac Durthacht																	
Follamain	Conchobor															Cúchulainn																	
Eoghan Mac Durthacht																Conchobor																	
Cúscraid Menn Macha	Conchobor	Cúchulainn	Fergus Mac Roich																														
Bricriu	Cúchulainn																																
Badb 1																Cúchulainn																	
Conall Cernach	Cúchulainn	Fergus Mac Roich	Culann	Ailill Mac Mágach	Medb	Ibor 3																											
Culann	Conchobor	Cúchulainn	Cathbad																														
Cathbad	Conchobor	Cúchulainn	Culann																														
Fiacha Mac Fir Febe	Cúchulainn	Cathbad	Conchobor	Ibor 3	Mughain 4																												
Ibor 3	Conchobor	Cúchulainn														Nechta Scéne	Foill	Fannall	Tuachell														
Nechta Scéne	Fer Ulli	Foill	Fannall	Tuachell												Cúchulainn	Ibor 3																
Fer Ulli	Lugaid 6	Nechta Scéne	Foill	Fannall	Tuachell																												
Lugaid 6	Fer Ulli																																
Foill	Fer Ulli	Nechta Scéne	Fannall	Tuachell												Cúchulainn	Ibor 3																
Fannall	Fer Ulli	Nechta Scéne	Foill	Tuachell												Cúchulainn	Ibor 3																
Tuachell	Fer Ulli	Nechta Scéne	Foill	Fannall												Cúchulainn	Ibor 3																
Mughain 4	Conchobor	Cúchulainn																															
%Chapter 5 -- Death Death!																																	
Ailill Mac Mágach	Orlám	Fertedil	Maine 2	Maenén												Cúchulainn																	
Cúchulainn																Fraech Mac Fidaig	Orlám	Baiscne	Fertedil	Lon Mac Gárach	Uala Mac Gárach	Diliu Mac Gárach	Meslir	Meslaech	Meslethan	Ailill Mac Mágach	Medb	Maine 2	Maenén	Lethan	Lochu		
Medb	Fraech Mac Fidaig		Orlám	Fertedil	Lochu											Cúchulainn																	
Fraech Mac Fidaig	Medb															Cúchulainn																	
Fergus Mac Roich																																	
Baiscne	Medb															Cúchulainn																	
Orlám	Ailill Mac Mágach	Medb	Fertedil													Cúchulainn																	
Fertedil	Orlám	Ailill Mac Mágach	Medb	Cúchulainn												Cúchulainn																	
Gárach	Lon Mac Gárach	Uala Mac Gárach	Diliu Mac Gárach	Meslir	Meslaech	Meslethan																											
Lon Mac Gárach	Gárach	Uala Mac Gárach	Diliu Mac Gárach	Meslir	Meslaech	Meslethan										Cúchulainn																	
Uala Mac Gárach	Gárach	Lon Mac Gárach	Diliu Mac Gárach	Meslir	Meslaech	Meslethan										Cúchulainn																	
Diliu Mac Gárach	Gárach	Lon Mac Gárach	Uala Mac Gárach	Meslir	Meslaech	Meslethan										Cúchulainn																	
Meslir	Gárach	Lon Mac Gárach	Uala Mac Gárach	Diliu Mac Gárach	Meslaech	Meslethan										Cúchulainn																	
Meslaech	Gárach	Lon Mac Gárach	Uala Mac Gárach	Diliu Mac Gárach	Meslir	Meslethan										Cúchulainn																	
Meslethan	Gárach	Lon Mac Gárach	Uala Mac Gárach	Diliu Mac Gárach	Meslir	Meslaech										Cúchulainn																	
Maine 2	Ailill Mac Mágach	Medb	Maenén													Cúchulainn																	
Maenén	Ailill Mac Mágach	Maine 2														Cúchulainn																	
Lethan	Mulca															Cúchulainn																	
Mulca	Lethan																																
Morrígan	Donn Cuailnge																																
Donn Cuailnge	Forgaimen	Morrígan																															
Forgaimen	Donn Cuailnge																																
Lochu	Medb															Cúchulainn																	
Reuin																Cúchulainn																	
%Chapter 6 -- From Finnabair Chuailnge to Conaille																																	
Medb	Lóthar	Donn Cuailnge	Uala	Ailill Mac Mágach	Fergus Mac Roich	Maine 2																											
Lóthar	Medb															Donn Cuailnge																	
Donn Cuailnge																Lóthar																	
Uala	Medb																																
Cúchulainn					Laeg				Lugaid Mac Nois	Fergus Mac Roich						Cronn	Caemdele	Roan	Roae	Maine 2	Cuillius												
Cronn	Medb	Caemdele														Cúchulainn																	
Caemdele	Medb	Cronn														Cúchulainn																	
Roan	Medb	Roae														Cúchulainn																	
Roae	Medb	Roan														Cúchulainn																	
Ailill Mac Mágach	Medb	Fergus Mac Roich	Cuillius	Maine 2	Lugaid Mac Nois																												
Fergus Mac Roich	Medb	Ailill Mac Mágach	Macha	Nes	Lugaid Mac Nois																												
Roech Mac Echdach																																	
Rus																																	
Cuillius	Ailill Mac Mágach	Fergus Mac Roich	Medb																														
Maine 2	Ailill Mac Mágach	Medb	Fergus Mac Roich													Cúchulainn	Cúchulainn																
Laeg	Cúchulainn																																
Lugaid Mac Nois	Cúchulainn	Fergus Mac Roich	Ailill Mac Mágach																														
%Chapter 7 -- Single Combat																																	
Cúchulainn	Laeg	Mac Roth	Conchobor	Fergus Mac Roich		Ailill Mac Mágach	Medb	Lugaid Mac Nois		Fiacha Mac Fir Febe						Etarcomol	Nadcranntail																
Ailill Mac Mágach	Cúchulainn	Mac Roth	Fergus Mac Roich	Medb	Maine 2	Lugaid Mac Nois																											
Mac Roth	Ailill Mac Mágach	Medb	Fergus Mac Roich	Laeg	Cúchulainn																												
Fergus Mac Roich	Cúchulainn	Mac Roth	Ailill Mac Mágach	Etarcomol		Nadcranntail	Fiacha Mac Fir Febe																										
Laeg	Cúchulainn	Mac Roth	Fergus Mac Roich	Etarcomol	Nadcranntail																												
Etarcomol	Eda	Léthrenn	Fergus Mac Roich			Medb	Ailill Mac Mágach									Cúchulainn																	
Eda	Etarcomol	Léthrenn																															
Léthrenn	Etarcomol	Eda																															
Medb	Fergus Mac Roich	Etarcomol	Ailill Mac Mágach	Maine 2	Lugaid Mac Nois	Cúchulainn	Cúroi Mac Dáire	Nadcranntail																									
Lugaid Mac Nois	Cúchulainn	Maine 2	Ailill Mac Mágach	Nadcranntail																													
Maine 2	Ailill Mac Mágach	Lugaid Mac Nois		Medb																													
Cúroi Mac Dáire	Medb	Ailill Mac Mágach	Cúchulainn																														
Nadcranntail	Medb	Ailill Mac Mágach		Finnabair	Maine Andoe											Cúchulainn																	
Maine Andoe	Medb	Ailill Mac Mágach	Nadcranntail	Finnabair																													
Finnabair	Medb	Ailill Mac Mágach	Nadcranntail																														
Fiacha Mac Fir Febe	Fergus Mac Roich	Cúchulainn	Nadcranntail																														
%Chapter 8 -- The Bull is found																																	
Medb	Gabrán	Ailill Mac Mágach	Cúr Mac Daláth	Ferbaeth	Finnabair											Finnmór																	
Ailill Mac Mágach	Buide Mac Báin	Redg	Medb	Fergus Mac Roich	Lugaid Mac Nois	Ferbaeth	Finnabair	Gabrán																									
Cúchulainn	Fergus Mac Roich		Morrígan	Gabrán	Fiacha Mac Fir Febe	Lugaid Mac Nois	Ferbaeth	Scáthach	Laeg							Buide Mac Báin	Redg	Nathcoirpthe	Cruithen	Marc	Meille	Badb 3	Boguine	Cúr Mac Daláth	Láth Mac Dabró	Foirc Mac trí n-Aignech	Srúbgaile Mac Eobith	Ferbaeth	Láréne Mac Nois	Morrígan	Lóch Mac Mofemis	Long Mac Mofemis	
Buide Mac Báin	Ailill Mac Mágach	Forgaimen														Cúchulainn																	
Forgaimen	Buide Mac Báin																																
Redg	Ailill Mac Mágach															Cúchulainn																	
Nathcoirpthe																Cúchulainn																	
Cruithen																Cúchulainn																	
Marc																Cúchulainn																	
Meille																Cúchulainn																	
Badb 3																Cúchulainn																	
Boguine																Cúchulainn																	
Finnmór	Celtchar															Medb																	
Celtchar	Finnmór																																
Forgaimen	Donn Cuailnge																																
Cúr Mac Daláth		Medb	Cormac Connlongas													Cúchulainn																	
Cormac Connlongas	Cúr Mac Daláth																																
Fiacha Mac Fir Febe	Cúchulainn	Cúr Mac Daláth	Ferbaeth																														
Fergus Mac Roich	Cúr Mac Daláth	Cúchulainn	Cormac Connlongas	Fiacha Mac Fir Febe	Ferbaeth	Ailill Mac Mágach	Long Mac Mofemis	Bricriu																									
Láth Mac Dabró																Cúchulainn																	
Foirc Mac trí n-Aignech																Cúchulainn																	
Srúbgaile Mac Eobith																Cúchulainn																	
Laeg	Cúchulainn	Lugaid Mac Nois	Finnabair																														
Lugaid Mac Nois	Laeg	Cúchulainn	Ferbaeth	Finnabair	Ailill Mac Mágach																												
Ferbaeth	Finnabair	Medb	Ailill Mac Mágach	Cúchulainn	Scáthach	Fiacha Mac Fir Febe										Cúchulainn																	
Finnabair	Ferbaeth	Medb	Ailill Mac Mágach																														
Láréne Mac Nois	Lugaid Mac Nois	Finnabair	Medb	Ailill Mac Mágach												Cúchulainn																	
Morrígan	King Buan	Cúchulainn														Cúchulainn																	
King Buan	Morrígan																																
Lóch Mac Mofemis	Long Mac Mofemis	Medb	Ailill Mac Mágach		Morrígan	Scáthach	Gabrán									Cúchulainn																	
Long Mac Mofemis	Lóch Mac Mofemis	Medb	Ailill Mac Mágach													Cúchulainn																	
Gabrán	Lóch Mac Mofemis	Cúchulainn	Medb	Ailill Mac Mágach																													
Bricriu	Lóch Mac Mofemis	Cúchulainn	Fergus Mac Roich																														
%Chapter 9 -- The Pact is Broken																																	
Medb	Ailill Mac Mágach	Cúchulainn	Lugaid Mac Nois	Traigthrén 2																													
Ailill Mac Mágach	Medb	Cúchulainn	Lugaid Mac Nois	Finnabair	Tamun	Fergus Mac Roich										Follamain																	
Cúchulainn	Lugaid Mac Nois	Medb	Ailill Mac Mágach	Traigthrén 2	Laeg	Nemain	Lug Mac Ethenn	Follamain	Conchobor							Fota	Bómailce	Salach	Muinne	Luar	Fertóithle	Traig	Dornu	Dernu	Col	Mebul	Eraise	Tamun	Finnabair				
Lugaid Mac Nois	Medb	Ailill Mac Mágach	Cúchulainn	Finnabair																													
Traigthrén 2	Medb	Cúchulainn	Laeg																														
Laeg	Cúchulainn	Traigthrén 2	Lug Mac Ethenn																														
Fergus Mac Roich	Cúchulainn	Ailill Mac Mágach																															
Fota																Cúchulainn																	
Bómailce																Cúchulainn																	
Salach																Cúchulainn																	
Muinne																Cúchulainn																	
Luar																Cúchulainn																	
Fertóithle																Cúchulainn																	
Traig	Dornu	Dernu	Col	Mebul	Eraise											Cúchulainn																	
Dornu	Traig	Dernu	Col	Mebul	Eraise											Cúchulainn																	
Dernu	Traig	Dornu	Col	Mebul	Eraise											Cúchulainn																	
Col	Traig	Dornu	Dernu	Mebul	Eraise											Cúchulainn																	
Mebul	Traig	Dornu	Dernu	Col	Eraise											Cúchulainn																	
Eraise	Traig	Dornu	Dernu	Col	Mebul											Cúchulainn																	
Finnabair		Tamun														Cúchulainn																	
Tamun	Finnabair															Cúchulainn																	
Nemain	Cúchulainn																																
Lug Mac Ethenn	Cúchulainn	Laeg																															
Fiachna Fuilech	Fiacha Mac Fir Febe	Cúchulainn	Follamain																														
Follamain	Fiachna Fuilech	Cúchulainn	Conchobor													Ailill Mac Mágach																	
Bethe Mac Báin	Ailill Mac Mágach																																
Simon Magus	Darius																																
Darius	Simon Magus	Conchobor																															
Conchobor	Darius	Cúchulainn																															
%Chapter 10 -- Combat with Fergus and others																																	
Cúchulainn	Fergus Mac Roich				Fiacha Mac Fir Febe											Ferchu Loingseach	Gaile Dána	Glas Mac Delga															
Medb	Cúchulainn	Léthren	Fergus Mac Roich	Dubthach	Ailill Mac Mágach	Gabrán	Ferchu Loingseach																										
Ailill Mac Mágach	Léthren	Dubthach	Medb	Cúchulainn	Gabrán	Ferchu Loingseach																											
Léthren	Medb	Ailill Mac Mágach		Dubthach	Fergus Mac Roich	Gabrán																											
Fergus Mac Roich	Medb	Dubthach	Ailill Mac Mágach	Léthren	Cúchulainn	Conchobor	Fiacha Mac Conchoboir	Coirpre Mac Feidlimid	Gabrán	Fiacha Mac Fir Febe																							
Dubthach	Fergus Mac Roich		Medb	Ailill Mac Mágach	Léthren	Gabrán	Fiacha Fialdána	Maine Andoe	Dóchae Mac Mágach							Coirpre Mac Feidlimid	Fiacha Mac Conchoboir	Dóchae Mac Mágach															
Fiacha Mac Conchoboir	Fergus Mac Roich	Conchobor														Dubthach																	
Coirpre Mac Feidlimid	Fergus Mac Roich															Dubthach																	
Gabrán	Cúchulainn	Medb	Ailill Mac Mágach	Léthren	Fergus Mac Roich	Dubthach																											
Fiacha Fialdána	Maine Andoe	Medb	Ailill Mac Mágach	Dóchae Mac Mágach	Dubthach											Dóchae Mac Mágach	Maine Andoe																
Maine Andoe	Fiacha Fialdána	Dóchae Mac Mágach	Dubthach													Dóchae Mac Mágach																	
Dóchae Mac Mágach	Fiacha Fialdána	Maine Andoe	Dubthach													Dubthach	Fiacha Fialdána																
Diarmait	Conchobor	Maine 2			Dubthach											Maine 2																	
Conchobor	Fiacha Mac Conchoboir	Diarmait																															
Maine 2	Medb	Ailill Mac Mágach	Diarmait													Diarmait																	
Aengus	Aenlám Gaibe																																
Aenlám Gaibe																																	
Ferchu Loingseach	Medb	Ailill Mac Mágach														Cúchulainn																	
Gaile Dána	Medb	Ailill Mac Mágach	Glas Mac Delga													Cúchulainn	Fiacha Mac Fir Febe																
Glas Mac Delga	Gaile Dána															Cúchulainn	Fiacha Mac Fir Febe																
Fiacha Mac Fir Febe	Fergus Mac Roich	Cúchulainn														Gaile Dána	Glas Mac Delga																
Ficce																																	
%Chapter 11 -- Combat of Ferdia and Cúchulainn																																	
Cúchulainn	Laeg	Fergus Mac Roich	Ferdia	Damán Mac Dáiri	Badb	Conchobor	Emer	Ferbaeth	Scáthach	Uathach	Aife	Lugaid	Conall Cernach	Connla	Banba	Ferdia	Germán Garblas	Ferbaeth	Srúbdaire	Rinn Mac Niuil													
Medb	Ferdia	Ailill Mac Mágach	Finnabair	Cúchulainn	Niaman	Morann 2	Coirpre nia Manann																										
Ailill Mac Mágach	Medb	Ferdia	Finnabair	Cúchulainn																													
Ferdia	Medb	Ailill Mac Mágach	Finnabair	Cúchulainn	Lugaid	Damán Mac Dáiri	Badb	Ferbaeth	Scáthach	Uathach	Aife					Cúchulainn	Germán Garblas	Ruad Mac Forniuil	Dam Dreimend	Dan Dílenn													
Finnabair	Medb	Ailill Mac Mágach	Ferdia	Cúchulainn																													
Niaman	Medb																																
Morann 2	Medb																																
Coirpre nia Manann	Medb																																
Fergus Mac Roich	Ferdia	Cúchulainn																															
Damán Mac Dáiri	Ferdia	Cúchulainn																															
Laeg	Cúchulainn	Emer	Ferdia																														
Emer	Cúchulainn	Laeg																															
Badb 1	Ferdia	Cúchulainn																															
Germán Garblas	Rinn Mac Niuil	Ruad Mac Forniuil	Bláth Mac Colbaí	Mugairne	Dam Dreimend	Dan Dílenn										Ferdia	Cúchulainn	Scáthach															
Scáthach	Ferdia	Cúchulainn	Uathach	Aife												Germán Garblas																	
Uathach	Ferdia	Cúchulainn	Scáthach	Aife																													
Aife	Ferdia	Cúchulainn	Uathach	Scáthach																													
Ferbaeth	Cúchulainn	Ferdia	Lugaid													Cúchulainn	Bláth Mac Colbaí																
Srúbdaire																Cúchulainn																	
Rinn Mac Niuil	Germán Garblas	Ruad Mac Forniuil	Bláth Mac Colbaí	Mugairne	Dam Dreimend	Dan Dílenn										Cúchulainn																	
Ruad Mac Forniuil	Germán Garblas	Rinn Mac Niuil	Bláth Mac Colbaí	Mugairne	Dam Dreimend	Dan Dílenn										Ferdia																	
Bláth Mac Colbaí	Germán Garblas	Rinn Mac Niuil	Ruad Mac Forniuil	Mugairne	Dam Dreimend	Dan Dílenn										Ferbaeth																	
Mugairne	Germán Garblas	Rinn Mac Niuil	Ruad Mac Forniuil	Bláth Mac Colbaí	Dam Dreimend	Dan Dílenn										Lugaid																	
Dam Dreimend	Germán Garblas	Rinn Mac Niuil	Ruad Mac Forniuil	Bláth Mac Colbaí	Mugairne	Dan Dílenn										Ferdia																	
Dan Dílenn	Germán Garblas	Rinn Mac Niuil	Ruad Mac Forniuil	Bláth Mac Colbaí	Mugairne	Dam Dreimend										Ferdia																	
Lugaid	Cúchulainn	Ferdia	Ferbaeth																														
Banba	Cúchulainn																																
%Chapter 12 -- Ulster rises from its pangs																																	
Senoll Uathach	Ficce	Cúchulainn																															
Ficce	Senoll Uathach	Cúchulainn																															
Cúchulainn	Senoll Uathach	Ficce	Cethern	Laeg	Fiacha Mac Fir Febe	Fingin		Medb	Illann	Oll	Oichne	Bun	Mecon	Braen																			
Cúchulainn	Láréne	Cúroi Mac Dáiri	Scenb	Rann	Fodail	Cormac 5	Cormac 6	Mael Foga	Maine 2	Finn Bec	Munremur Mac Gerrcinn	Sualdam																					
Mac Roth		Ailill Mac Mágach	Fergus Mac Roich																														
Ailill Mac Mágach	Conchobor	Celtchar	Fergus Mac Roich	Mac Roth	Itholl	Fintan	Crimthann		Rochad Mac Faithemain	Finnabair	Oll	Oichne	Bun	Mecon																			
Ailill Mac Mágach	Scenb	Rann	Fodail	Cormac Connlongas																													
Fergus Mac Roich	Cethern	Ailill Mac Mágach	Mac Roth	Fintan	Illann	Rochad Mac Faithemain	Medb	Sualdam																									
Cethern	Fintan	Cúchulainn	Fingin	Finn Bec	Itholl	Crimthann				Finn Bec	Crimthann	Fergus Mac Roich	Itholl			Medb	Illann	Oll	Oichne	Bun	Mecon	Braen	Láréne		Scenb	Rann	Fodail	Cormac 5	Cormac 6	Maine Athramail	Maine Máthramail	Maine Cotagaib Uli	Itholl
Fintan	Cethern	Crimthann	Ailill Mac Mágach	Conchobor																													
Laeg	Cúchulainn	Fiacha Mac Fir Febe	Cethern	Rochad Mac Faithemain																													
Fiacha Mac Fir Febe	Laeg	Cethern																															
Fingin	Conchobor	Cúchulainn	Cethern	Braen	Láréne																												
Medb		Finnabair	Conchobor	Rochad Mac Faithemain	Fergus Mac Roich	Oll	Oichne	Scenb	Rann	Fodail						Cethern																	
Illann		Fergus Mac Roich														Cethern																	
Oll	Ailill Mac Mágach	Medb	Oichne													Cethern																	
Oichne	Ailill Mac Mágach	Medb	Oll													Cethern																	
Bun	Ailill Mac Mágach	Mecon														Cethern																	
Mecon	Ailill Mac Mágach	Bun														Cethern																	
Braen	Medb	Láréne														Cethern																	
Láréne	Medb	Braen														Cethern																	
Cúroi Mac Dáiri		Munremur Mac Gerrcinn																															
Scenb	Ailill Mac Mágach	Medb	Rann	Fodail												Cethern																	
Rann	Ailill Mac Mágach	Medb	Fodail	Scenb												Cethern																	
Fodail	Ailill Mac Mágach	Medb	Scenb	Rann												Cethern																	
Cormac 5																																	
Cormac 6		Cormac 5	Mael Foga													Cethern																	
Mael Foga	Cormac 6																																
Maine Athramail																Cethern																	
Maine Máthramail																Cethern																	
Maine Cotagaib Uli		Ailill Mac Mágach														Cethern																	
Finn Bec	Cethern	Cúchulainn	Eochaid 10																														
Eochaid 10	Finn Bec																																
Itholl	Cethern	Ailill Mac Mágach														Cethern																	
Crimthann	Cethern	Fintan	Ailill Mac Mágach	Conchobor																													
Menn Mac Sálchada	Conchobor																																
Conchobor	Menn Mac Sálchada	Fintan	Fingin	Sualdam	Ailill Mac Mágach	Fergus Mac Roich	Cúchulainn	Finnchad Fer Benn	Erc	Coirpre Niafer	Fedelm Noichride	Celtchar	Cúscraid Menn Macha	Deda	Leaman																		
Conchobor	Fallach	Fergus Mac Roich	Illann	Dorlunsa	Derg Imderg	Fedilmid Cilair Chetaig	Faeladán	Rochad Mac Faithemain	Lugaid	Lugda	Cathbad	Coirpre of Aelai	Laeg	Gemen	Senoll Uathach																		
Conchobor	Fintan	Cethren	Cethren of Eillne	Aurothor	Mulach	Amargin	Uathach	Ieth	Roth (Ulster)	Fiachna from the mound	Dam Dreimend	Andiaraid	Maine Mac Briathrach	Dam Derg	Mod																		
Conchobor	Maithes	Irmaithis	Gabar	Eochaid from Saimne	Eochaid from Latharnu	Uma Mac Remanfisig	Munremur Mac Gerrcinn	Senlobair	Follamain	Lugaid of Laigi Líne	Buadgalach	Ambuach	Fergna	Aine	Errge Echbél																		
Conchobor	Abra	Celtchar	Laegaire Milbél	Dromscailt Mac Dregamm	Drenda	Drendas	Cimbe	Cimling	Cimmene	Facthna Mac Sencha	Sencha	Senchairthe	Briccir	Bricirne	Breic																		
Conchobor	Buan	Bairech	Aengus Mac Léte	Fergus Mac Léte	Léte	Aengus of the Fir Bolg	Bruchur	Alamiach	Fiachna of Cuailnge	Conall Cernach	Connad Mac Morna	Cúchulainn	Amargin of Es Ruaid	Laeg of Léire	Sálchada																		
Conchobor	Cúroi Mac Amargin	Aengus Fer Benn Uma	Ogma Grianainech	Eo Mac nOircne	Tollchenn	Mogol Echbél	Connla Saeb	Laegaire Buadach	Ailill Mac Amargin	Furbaide Fer Benn	Cúscraid Menn	Lí	Fingin	Cremath	Blai Fichit																		
Conchobor	Blai Briuga	Eoghan Mac Durthacht	Dord	Seirid	Serthe	Oblan	Cuirther	Liana	Fernel	Finnchad of Sliabh Bethe	Talgobain	Menn Mac Sálchada	Iroll of Blarigi	Tibraide Mac Ailcotha	Iala																		
Conchobor	Rus Mac Ailcotha	Maine Mac Cruim	Ninnech Mac Cruinn	Dipsemilid	Mál Mac Rochrad	Muinne (Ulster)	Fiatach Ferndoirre	Dubthach	Muirne Menn																								
Rochad Mac Faithemain	Laeg	Finnabair	Fergus Mac Roich																														
Finnabair	Ailill Mac Mágach	Medb	Rochad Mac Faithemain																														
Ilech	Laegaire	Connad the Yellow-haired														Dóchae																	
Laegaire	Connad the Yellow-haired	Ilech	Dóchae																														
Connad the Yellow-haired	Ilech	Laegaire																															
Dóchae		Laegaire														Ilech																	
Munremur Mac Gerrcinn	Cúchulainn	Cúroi Mac Dáiri																															
Sualdam	Cúchulainn	Conchobor	Ailill Mac Mágach	Fergus Mac Roich																													
Finnchad Fer Benn	Conchobor	Deda	Leaman	Fallach	Fergus Mac Roich	Illann	Dorlunsa	Derg Imderg	Fedilmid Cilair Chetaig	Faeladán	Rochad Mac Faithemain	Lugaid	Lugda	Cathbad	Coirpre of Aelai																		
Finnchad Fer Benn	Laeg	Gemen	Senoll Uathach	Fintan	Cethren	Cethren of Eillne	Aurothor	Mulach	Amargin	Uathach	Ieth	Roth (Ulster)	Fiachna from the mound	Dam Dreimend	Andiaraid																		
Finnchad Fer Benn	Maine Mac Briathrach	Dam Derg	Mod	Maithes	Irmaithis	Gabar	Eochaid from Saimne	Eochaid from Latharnu	Uma Mac Remanfisig	Munremur Mac Gerrcinn	Senlobair	Follamain	Lugaid of Laigi Líne	Buadgalach	Ambuach																		
Finnchad Fer Benn	Fergna	Aine	Errge Echbél	Abra	Celtchar	Laegaire Milbél	Dromscailt Mac Dregamm	Drenda	Drendas	Cimbe	Cimling	Cimmene	Facthna Mac Sencha	Sencha	Senchairthe																		
Finnchad Fer Benn	Briccir	Bricirne	Breic	Buan	Bairech	Aengus Mac Léte	Fergus Mac Léte	Léte	Aengus of the Fir Bolg	Bruchur	Alamiach	Fiachna of Cuailnge	Conall Cernach	Connad Mac Morna	Cúchulainn																		
Finnchad Fer Benn	Amargin of Es Ruaid	Laeg of Léire	Sálchada	Cúroi Mac Amargin	Aengus Fer Benn Uma	Ogma Grianainech	Eo Mac nOircne	Tollchenn	Mogol Echbél	Connla Saeb	Laegaire Buadach	Ailill Mac Amargin	Furbaide Fer Benn	Cúscraid Menn	Lí																		
Finnchad Fer Benn	Fingin	Cremath	Blai Fichit	Blai Briuga	Eoghan Mac Durthacht	Dord	Seirid	Serthe	Oblan	Cuirther	Liana	Fernel	Finnchad of Sliabh Bethe	Talgobain	Menn Mac Sálchada																		
Finnchad Fer Benn	Iroll of Blarigi	Tibraide Mac Ailcotha	Iala	Rus Mac Ailcotha	Maine Mac Cruim	Ninnech Mac Cruinn	Dipsemilid	Mál Mac Rochrad	Muinne (Ulster)	Fiatach Ferndoirre	Dubthach	Muirne Menn																					
Deda	Conchobor	Finnchad Fer Benn																															
Leaman	Conchobor	Finnchad Fer Benn	Fallach	Illann																													
Fallach	Conchobor	Finnchad Fer Benn	Leaman	Illann																													
Fergus Mac Roich	Conchobor	Finnchad Fer Benn	Illann	Leaman																													
Illann	Conchobor	Finnchad Fer Benn	Leaman	Fallach																													
Dorlunsa	Conchobor	Finnchad Fer Benn	Fergus Mac Roich	Leaman	Fallach																												
Derg Imderg	Conchobor	Finnchad Fer Benn																															
Fedilmid Cilair Chetaig	Conchobor	Finnchad Fer Benn																															
Faeladán	Conchobor	Finnchad Fer Benn	Rochad Mac Faithemain																														
Rochad Mac Faithemain	Conchobor	Finnchad Fer Benn	Faeladán																														
Lugaid	Conchobor	Finnchad Fer Benn	Lugda																														
Lugda	Conchobor	Finnchad Fer Benn	Lugaid																														
Cathbad	Conchobor	Finnchad Fer Benn																															
Coirpre of Aelai	Conchobor	Finnchad Fer Benn																															
Laeg	Conchobor	Finnchad Fer Benn	Gemen																														
Gemen	Conchobor	Finnchad Fer Benn	Laeg																														
Senoll Uathach	Conchobor	Finnchad Fer Benn																															
Fintan	Conchobor	Finnchad Fer Benn	Cethren																														
Cethren	Conchobor	Finnchad Fer Benn	Fintan																														
Cethren of Eillne	Conchobor	Finnchad Fer Benn																															
Aurothor	Conchobor	Finnchad Fer Benn																															
Mulach	Conchobor	Finnchad Fer Benn																															
Amargin	Conchobor	Finnchad Fer Benn																															
Uathach	Conchobor	Finnchad Fer Benn																															
Ieth	Conchobor	Finnchad Fer Benn	Roth (Ulster)	Fiachna from the mound																													
Roth (Ulster)	Conchobor	Finnchad Fer Benn	Ieth	Fiachna from the mound																													
Fiachna from the mound	Conchobor	Finnchad Fer Benn	Ieth	Roth (Ulster)																													
Dam Dreimend	Conchobor	Finnchad Fer Benn																															
Andiaraid	Conchobor	Finnchad Fer Benn	Maine Mac Briathrach																														
Maine Mac Briathrach	Conchobor	Finnchad Fer Benn	Andiaraid																														
Dam Derg	Conchobor	Finnchad Fer Benn																															
Mod	Conchobor	Finnchad Fer Benn	Maithes																														
Maithes	Conchobor	Finnchad Fer Benn	Mod																														
Irmaithis	Conchobor	Finnchad Fer Benn																															
Gabar	Conchobor	Finnchad Fer Benn																															
Eochaid from Saimne	Conchobor	Finnchad Fer Benn	Eochaid from Latharnu																														
Eochaid from Latharnu	Conchobor	Finnchad Fer Benn	Eochaid from Saimne																														
Uma Mac Remanfisig	Conchobor	Finnchad Fer Benn																															
Munremur Mac Gerrcinn	Conchobor	Finnchad Fer Benn	Muinne (Ulster)																														
Senlobair	Conchobor	Finnchad Fer Benn																															
Follamain	Conchobor	Finnchad Fer Benn																															
Lugaid of Laigi Líne	Conchobor	Finnchad Fer Benn																															
Buadgalach	Conchobor	Finnchad Fer Benn	Ambuach																														
Ambuach	Conchobor	Finnchad Fer Benn	Buadgalach																														
Fergna	Conchobor	Finnchad Fer Benn																															
Aine	Conchobor	Finnchad Fer Benn	Errge Echbél																														
Errge Echbél	Conchobor	Finnchad Fer Benn	Aine																														
Abra	Conchobor	Finnchad Fer Benn																															
Celtchar	Conchobor	Finnchad Fer Benn																															
Laegaire Milbél	Conchobor	Finnchad Fer Benn																															
Dromscailt Mac Dregamm	Conchobor	Finnchad Fer Benn																															
Drenda	Conchobor	Finnchad Fer Benn	Drendas	Cimbe																													
Drendas	Conchobor	Finnchad Fer Benn	Drenda	Cimbe																													
Cimbe	Conchobor	Finnchad Fer Benn	Drenda	Drendas																													
Cimling	Conchobor	Finnchad Fer Benn	Cimmene																														
Cimmene	Conchobor	Finnchad Fer Benn	Cimling																														
Facthna Mac Sencha	Conchobor	Finnchad Fer Benn	Sencha																														
Sencha	Conchobor	Finnchad Fer Benn	Facthna Mac Sencha	Senchairthe																													
Senchairthe	Conchobor	Finnchad Fer Benn	Sencha																														
Briccir	Conchobor	Finnchad Fer Benn	Bricirne																														
Bricirne	Conchobor	Finnchad Fer Benn	Briccir																														
Breic	Conchobor	Finnchad Fer Benn	Buan	Bairech																													
Buan	Conchobor	Finnchad Fer Benn	Breic	Bairech																													
Bairech	Conchobor	Finnchad Fer Benn	Breic	Buan																													
Aengus Mac Léte	Conchobor	Finnchad Fer Benn	Léte	Fergus Mac Léte																													
Fergus Mac Léte	Conchobor	Finnchad Fer Benn	Léte	Aengus Mac Léte																													
Léte	Conchobor	Finnchad Fer Benn	Fergus Mac Léte	Aengus Mac Léte																													
Aengus of the Fir Bolg	Conchobor	Finnchad Fer Benn																															
Bruchur	Conchobor	Finnchad Fer Benn	Alamiach																														
Alamiach	Conchobor	Finnchad Fer Benn	Bruchur																														
Fiachna of Cuailnge	Conchobor	Finnchad Fer Benn																															
Conall Cernach	Conchobor	Finnchad Fer Benn																															
Connad Mac Morna	Conchobor	Finnchad Fer Benn																															
Cúchulainn	Conchobor	Finnchad Fer Benn																															
Amargin of Es Ruaid	Conchobor	Finnchad Fer Benn	Laeg of Léire																														
Laeg of Léire	Conchobor	Finnchad Fer Benn	Amargin of Es Ruaid																														
Sálchada	Conchobor	Finnchad Fer Benn	Cúroi Mac Amargin																														
Cúroi Mac Amargin	Conchobor	Finnchad Fer Benn	Sálchada																														
Aengus Fer Benn Uma	Conchobor	Finnchad Fer Benn																															
Ogma Grianainech	Conchobor	Finnchad Fer Benn																															
Eo Mac nOircne	Conchobor	Finnchad Fer Benn																															
Tollchenn	Conchobor	Finnchad Fer Benn																															
Mogol Echbél	Conchobor	Finnchad Fer Benn																															
Connla Saeb	Conchobor	Finnchad Fer Benn																															
Laegaire Buadach	Conchobor	Finnchad Fer Benn																															
Ailill Mac Amargin	Conchobor	Finnchad Fer Benn																															
Furbaide Fer Benn	Conchobor	Finnchad Fer Benn																															
Cúscraid Menn	Conchobor	Finnchad Fer Benn																															
Lí	Conchobor	Finnchad Fer Benn																															
Fingin	Conchobor	Finnchad Fer Benn																															
Cremath	Conchobor	Finnchad Fer Benn	Blai Fichit	Blai Briuga																													
Blai Fichit	Conchobor	Finnchad Fer Benn	Cremath	Blai Briuga																													
Blai Briuga	Conchobor	Finnchad Fer Benn	Cremath	Blai Fichit																													
Eoghan Mac Durthacht	Conchobor	Finnchad Fer Benn																															
Dord	Conchobor	Finnchad Fer Benn	Seirid	Serthe																													
Seirid	Conchobor	Finnchad Fer Benn	Dord	Serthe																													
Serthe	Conchobor	Finnchad Fer Benn	Dord	Seirid																													
Oblan	Conchobor	Finnchad Fer Benn																															
Cuirther	Conchobor	Finnchad Fer Benn	Liana																														
Liana	Conchobor	Finnchad Fer Benn	Cuirther																														
Fernel	Conchobor	Finnchad Fer Benn	Finnchad of Sliabh Bethe																														
Finnchad of Sliabh Bethe	Conchobor	Finnchad Fer Benn	Fernel																														
Talgobain	Conchobor	Finnchad Fer Benn																															
Menn Mac Sálchada	Conchobor	Finnchad Fer Benn																															
Iroll of Blarigi	Conchobor	Finnchad Fer Benn																															
Tibraide Mac Ailcotha	Conchobor	Finnchad Fer Benn																															
Iala	Conchobor	Finnchad Fer Benn																															
Rus Mac Ailcotha	Conchobor	Finnchad Fer Benn																															
Maine Mac Cruim	Conchobor	Finnchad Fer Benn																															
Ninnech Mac Cruinn	Conchobor	Finnchad Fer Benn																															
Dipsemilid	Conchobor	Finnchad Fer Benn	Mál Mac Rochrad																														
Mál Mac Rochrad	Conchobor	Finnchad Fer Benn	Dipsemilid																														
Muinne (Ulster)	Conchobor	Finnchad Fer Benn	Munremur Mac Gerrcinn																														
Fiatach Ferndoirre	Conchobor	Finnchad Fer Benn	Dubthach																														
Dubthach	Conchobor	Finnchad Fer Benn	Fiatach Ferndoirre																														
Muirne Menn	Conchobor	Finnchad Fer Benn																															
Erc	Coirpre Niafer	Conchobor	Fedelm Noichride																														
Coirpre Niafer	Erc	Conchobor	Fedelm Noichride																														
Fedelm Noichride	Conchobor	Erc	Coirpre Niafer																														
Celtchar	Conchobor																																
Cúscraid Menn Macha	Conchobor																																
Dubthach	Nemain																																
Nemain	Dubthach																																
Cormac Connlongas	Ailill Mac Mágach																																
%Chapter 13 -- The companies advance																																	
Medb	Ailill Mac Mágach	Fergus Mac Roich	Mac Roth																														
Ailill Mac Mágach	Medb	Fergus Mac Roich	Mac Roth	Conchobor	Sencha Mac Ailella	Cúscraid Menn Macha	Eoghan Mac Durthacht																										
Fergus Mac Roich	Medb	Ailill Mac Mágach	Mac Roth	Sencha Mac Ailella	Cúscraid Menn Macha	Eoghan Mac Durthacht	Laegaire	Munremur Mac Gerrcinn	Fedilmid Cilair Chetaig	Connad Mac Morna	Rochad Mac Faithemain	Fergus Mac Léte	Amargin	Celtchar																			
Fergus Mac Roich	Feradach Finn Fechtnach	Errge Echbél	Fiachna Mac Conchoboir	Fiacha Mac Conchoboir	Rus Mac Fiachna	Dáire Mac Fiachna	Imchath Mac Fiachna	Menn Mac Sálchada	Fergna Mac Finnchaime	Furbaide Fer Benn																							
Mac Roth	Medb	Ailill Mac Mágach	Fergus Mac Roich	Conall Cernach																													
Conchobor	Sencha Mac Ailella	Cúscraid Menn Macha	Eoghan Mac Durthacht	Laegaire	Munremur Mac Gerrcinn	Fedilmid Cilair Chetaig	Connad Mac Morna	Rochad Mac Faithemain	Fergus Mac Léte	Amargin	Celtchar	Feradach Finn Fechtnach	Errge Echbél	Fiachna Mac Conchoboir																			
Conchobor	Fiacha Mac Conchoboir	Rus Mac Fiachna	Dáire Mac Fiachna	Imchath Mac Fiachna	Menn Mac Sálchada	Fergna Mac Finnchaime	Furbaide Fer Benn																										
Sencha Mac Ailella	Conchobor	Fergus Mac Roich																															
Cúscraid Menn Macha	Conchobor	Fergus Mac Roich																															
Eoghan Mac Durthacht	Conchobor	Fergus Mac Roich																															
Laegaire	Conchobor	Fergus Mac Roich																															
Munremur Mac Gerrcinn	Conchobor	Fergus Mac Roich																															
Fedilmid Cilair Chetaig	Conchobor	Fergus Mac Roich																															
Connad Mac Morna	Conchobor	Fergus Mac Roich																															
Rochad Mac Faithemain	Conchobor	Fergus Mac Roich																															
Fergus Mac Léte	Conchobor	Fergus Mac Roich																															
Amargin	Conchobor	Ecet Salach	Fergus Mac Roich																														
Ecet Salach	Amargin																																
Celtchar	Conchobor	Fergus Mac Roich																															
Feradach Finn Fechtnach	Conchobor	Fergus Mac Roich																															
Errge Echbél	Conchobor	Fergus Mac Roich																															
Fiachna Mac Conchoboir	Conchobor	Fiacha Mac Conchoboir		Fergus Mac Roich																													
Fiacha Mac Conchoboir	Conchobor	Fiachna Mac Conchoboir		Fergus Mac Roich																													
Rus Mac Fiachna	Conchobor	Dáire Mac Fiachna	Imchath Mac Fiachna		Fergus Mac Roich																												
Dáire Mac Fiachna	Conchobor	Rus Mac Fiachna	Imchath Mac Fiachna		Fergus Mac Roich																												
Imchath Mac Fiachna	Conchobor	Rus Mac Fiachna	Dáire Mac Fiachna		Fergus Mac Roich																												
Menn Mac Sálchada	Conchobor	Fergus Mac Roich																															
Fergna Mac Finnchaime	Conchobor	Fergus Mac Roich																															
Furbaide Fer Benn	Conchobor	Fergus Mac Roich																															
Conall Cernach	Conchobor																																
%Chapter 14 -- The Last Battle																																	
Conchobor			Cormac Connlongas	Fachtna	Laegaire											Ailill Mac Mágach	Fergus Mac Roich																
Ailill Mac Mágach		Traigthrén 2	Cúchulainn	Medb	Fergus Mac Roich											Conchobor																	
Morrígan																																	
Nét	Nemain	Badb																															
Nemain	Nét	Badb																															
Badb	Nét	Nemain																															
Traigthrén 2	Ailill Mac Mágach																																
Cúchulainn	Laeg	Fergus Mac Roich	Sualdam	Medb	Ailill Mac Mágach	Finnabair	Amargin									Medb																	
Laeg	Cúchulainn	Fergus Mac Roich	Conchobor	Amargin	Conall Cernach	En																											
Fachtna	Conchobor																																
Laegaire	Conchobor																																
Amargin	Cúchulainn	Laeg																															
Conall Cernach	En	Conchobor	Cúchulainn	Laeg												Fergus Mac Roich																	
En	Conall Cernach	Cúchulainn	Laeg																														
Medb	Ailill Mac Mágach		Fergus Mac Roich	Cúchulainn												Conchobor	Cúchulainn																
Fergus Mac Roich	Medb	Ailill Mac Mágach			Cormac Connlongas	Donn Cuailnge	Finnbennach Ai									Conall Cernach	Conchobor																
Cormac Connlongas	Fergus Mac Roich	Conchobor																															
Donn Cuailnge		Fergus Mac Roich														Finnbennach Ai	Bricriu																
Finnbennach Ai	Fergus Mac Roich															Donn Cuailnge	Bricriu																
Bricriu																																	
Finnabair	Cúchulainn															Donn Cuailnge	Finnbennach Ai																
Coirpre from Sliab Mis	Ailill Mac Mágach	Traigthrén 2																															
Les in Luachair	Ailill Mac Mágach	Traigthrén 2																															
Meid from Corpthe Loste	Ailill Mac Mágach	Traigthrén 2																															
Buidir from the river Buas	Ailill Mac Mágach	Traigthrén 2																															
Badb from the river Buaidnech	Ailill Mac Mágach	Traigthrén 2																															
Buaideltach from the river Berba	Ailill Mac Mágach	Traigthrén 2																															
Muredach from Marga	Ailill Mac Mágach	Traigthrén 2																															
Laegaire from Lec Derg	Ailill Mac Mágach	Traigthrén 2																															
Suibne from the river Siuir	Ailill Mac Mágach	Traigthrén 2																															
Echtach from Ane	Ailill Mac Mágach	Traigthrén 2																															
Dael from Eirc	Ailill Mac Mágach	Traigthrén 2																															
Damach from Derg Derc	Ailill Mac Mágach	Traigthrén 2																															
Bratruad from Loch Rí	Ailill Mac Mágach	Traigthrén 2																															
Nelleth from Loch Eirne	Ailill Mac Mágach	Traigthrén 2																															
Bresal from Bodg	Ailill Mac Mágach	Traigthrén 2																															
Amalgad from Ai	Ailill Mac Mágach	Traigthrén 2																															
Fiachra from Nemain Wood	Ailill Mac Mágach	Traigthrén 2																															
Nechta from Muiresc Plain	Ailill Mac Mágach	Traigthrén 2																															
Ruirech from Aigle	Ailill Mac Mágach	Traigthrén 2																															
Bruchurs from the river Febrad	Ailill Mac Mágach	Traigthrén 2																															
Conall from Collamair	Ailill Mac Mágach	Traigthrén 2																															
Féic from Finnabair	Ailill Mac Mágach	Traigthrén 2																															
Coirpre from Cliu	Ailill Mac Mágach	Traigthrén 2																															
Maine Milscothach	Ailill Mac Mágach	Traigthrén 2																															
Descertach from Drompa	Ailill Mac Mágach	Traigthrén 2																															
Fintan from Femen Plain	Ailill Mac Mágach	Traigthrén 2																															
Rathach from Raigne Plain	Ailill Mac Mágach	Traigthrén 2																															
Eterscél from Eterbán	Ailill Mac Mágach	Traigthrén 2																															
Guaire from Gabail	Ailill Mac Mágach	Traigthrén 2																															
Aed from Aidne	Ailill Mac Mágach	Traigthrén 2																															
Ailill Mac Mágach	Coirpre from Sliab Mis	Les in Luachair	Meid from Corpthe Loste	Buidir from the river Buas	Badb from the river Buaidnech	Buaideltach from the river Berba	Muredach from Marga	Laegaire from Lec Derg	Suibne from the river Siuir	Echtach from Ane	Dael from Eirc	Damach from Derg Derc	Bratruad from Loch Rí	Nelleth from Loch Eirne	Bresal from Bodg	Amalgad from Ai	Fiachra from Nemain Wood	Nechta from Muiresc Plain	Ruirech from Aigle	Bruchurs from the river Febrad	Conall from Collamair	Féic from Finnabair	Coirpre from Cliu	Maine Milscothach	Descertach from Drompa	Fintan from Femen Plain	Rathach from Raigne Plain	Eterscél from Eterbán	Guaire from Gabail	Aed from Aidne			
Traigthrén 2	Coirpre from Sliab Mis	Les in Luachair	Meid from Corpthe Loste	Buidir from the river Buas	Badb from the river Buaidnech	Buaideltach from the river Berba	Muredach from Marga	Laegaire from Lec Derg	Suibne from the river Siuir	Echtach from Ane	Dael from Eirc	Damach from Derg Derc	Bratruad from Loch Rí	Nelleth from Loch Eirne	Bresal from Bodg	Amalgad from Ai	Fiachra from Nemain Wood	Nechta from Muiresc Plain	Ruirech from Aigle	Bruchurs from the river Febrad	Conall from Collamair	Féic from Finnabair	Coirpre from Cliu	Maine Milscothach	Descertach from Drompa	Fintan from Femen Plain	Rathach from Raigne Plain	Eterscél from Eterbán	Guaire from Gabail	Aed from Aidne			
